timestamp,agent_index,action,score,is_win,is_lose,game_over,map_matrix
2026-05-29T08:29:34.293395,0,West,0.0,False,False,False,"[[0, 0, 0, 0, 0, 0, 0, 0, 0, 0, 0], [0, 2, 2, 2, 2, 2, 2, 2, 2, 3, 0], [0, 2, 0, 0, 0, 2, 0, 0, 0, 2, 0], [0, 2, 0, 2, 2, 2, 2, 2, 0, 2, 0], [0, 2, 2, 2, 0, 2, 0, 2, 2, 2, 0], [0, 0, 0, 2, 0, 2, 0, 2, 0, 0, 0], [0, 2, 2, 2, 2, 2, 2, 2, 2, 2, 0], [0, 2, 0, 2, 0, 0, 0, 2, 0, 2, 0], [0, 2, 0, 2, 0, 4, 0, 2, 0, 2, 0], [0, 5, 0, 2, 0, 1, 1, 2, 0, 2, 0], [0, 2, 0, 2, 0, 1, 1, 2, 0, 2, 0], [0, 2, 0, 2, 0, 4, 0, 2, 0, 2, 0], [0, 2, 0, 2, 0, 0, 0, 2, 0, 2, 0], [0, 2, 2, 2, 2, 2, 2, 2, 2, 2, 0], [0, 0, 0, 2, 0, 2, 0, 2, 0, 0, 0], [0, 2, 2, 2, 0, 2, 0, 2, 2, 2, 0], [0, 2, 0, 2, 2, 2, 2, 2, 0, 2, 0], [0, 2, 0, 0, 0, 2, 0, 0, 0, 2, 0], [0, 3, 2, 2, 2, 2, 2, 2, 2, 2, 0], [0, 0, 0, 0, 0, 0, 0, 0, 0, 0, 0]]"
2026-05-29T08:29:40.989072,0,West,9.0,False,False,False,"[[0, 0, 0, 0, 0, 0, 0, 0, 0, 0, 0], [0, 2, 2, 2, 2, 2, 2, 2, 2, 3, 0], [0, 2, 0, 0, 0, 2, 0, 0, 0, 2, 0], [0, 2, 0, 2, 2, 2, 2, 2, 0, 2, 0], [0, 2, 2, 2, 0, 2, 0, 2, 2, 2, 0], [0, 0, 0, 2, 0, 2, 0, 2, 0, 0, 0], [0, 2, 2, 2, 2, 2, 2, 2, 2, 2, 0], [0, 2, 0, 2, 0, 0, 0, 2, 0, 2, 0], [0, 5, 0, 2, 0, 1, 0, 2, 0, 2, 0], [0, 1, 0, 2, 0, 4, 1, 2, 0, 2, 0], [0, 2, 0, 2, 0, 4, 1, 2, 0, 2, 0], [0, 2, 0, 2, 0, 1, 0, 2, 0, 2, 0], [0, 2, 0, 2, 0, 0, 0, 2, 0, 2, 0], [0, 2, 2, 2, 2, 2, 2, 2, 2, 2, 0], [0, 0, 0, 2, 0, 2, 0, 2, 0, 0, 0], [0, 2, 2, 2, 0, 2, 0, 2, 2, 2, 0], [0, 2, 0, 2, 2, 2, 2, 2, 0, 2, 0], [0, 2, 0, 0, 0, 2, 0, 0, 0, 2, 0], [0, 3, 2, 2, 2, 2, 2, 2, 2, 2, 0], [0, 0, 0, 0, 0, 0, 0, 0, 0, 0, 0]]"
2026-05-29T08:29:46.074378,0,West,18.0,False,False,False,"[[0, 0, 0, 0, 0, 0, 0, 0, 0, 0, 0], [0, 2, 2, 2, 2, 2, 2, 2, 2, 3, 0], [0, 2, 0, 0, 0, 2, 0, 0, 0, 2, 0], [0, 2, 0, 2, 2, 2, 2, 2, 0, 2, 0], [0, 2, 2, 2, 0, 2, 0, 2, 2, 2, 0], [0, 0, 0, 2, 0, 2, 0, 2, 0, 0, 0], [0, 2, 2, 2, 2, 2, 2, 2, 2, 2, 0], [0, 5, 0, 2, 0, 0, 0, 2, 0, 2, 0], [0, 1, 0, 2, 0, 1, 0, 2, 0, 2, 0], [0, 1, 0, 2, 0, 4, 1, 2, 0, 2, 0], [0, 2, 0, 2, 0, 4, 1, 2, 0, 2, 0], [0, 2, 0, 2, 0, 1, 0, 2, 0, 2, 0], [0, 2, 0, 2, 0, 0, 0, 2, 0, 2, 0], [0, 2, 2, 2, 2, 2, 2, 2, 2, 2, 0], [0, 0, 0, 2, 0, 2, 0, 2, 0, 0, 0], [0, 2, 2, 2, 0, 2, 0, 2, 2, 2, 0], [0, 2, 0, 2, 2, 2, 2, 2, 0, 2, 0], [0, 2, 0, 0, 0, 2, 0, 0, 0, 2, 0], [0, 3, 2, 2, 2, 2, 2, 2, 2, 2, 0], [0, 0, 0, 0, 0, 0, 0, 0, 0, 0, 0]]"
2026-05-29T08:29:50.439162,0,North,27.0,False,False,False,"[[0, 0, 0, 0, 0, 0, 0, 0, 0, 0, 0], [0, 2, 2, 2, 2, 2, 2, 2, 2, 3, 0], [0, 2, 0, 0, 0, 2, 0, 0, 0, 2, 0], [0, 2, 0, 2, 2, 2, 2, 2, 0, 2, 0], [0, 2, 2, 2, 0, 2, 0, 2, 2, 2, 0], [0, 0, 0, 2, 0, 2, 0, 2, 0, 0, 0], [0, 5, 2, 2, 2, 2, 2, 2, 2, 2, 0], [0, 1, 0, 2, 0, 0, 0, 2, 0, 2, 0], [0, 1, 0, 2, 0, 4, 0, 2, 0, 2, 0], [0, 1, 0, 2, 0, 1, 1, 2, 0, 2, 0], [0, 2, 0, 2, 0, 1, 4, 2, 0, 2, 0], [0, 2, 0, 2, 0, 1, 0, 2, 0, 2, 0], [0, 2, 0, 2, 0, 0, 0, 2, 0, 2, 0], [0, 2, 2, 2, 2, 2, 2, 2, 2, 2, 0], [0, 0, 0, 2, 0, 2, 0, 2, 0, 0, 0], [0, 2, 2, 2, 0, 2, 0, 2, 2, 2, 0], [0, 2, 0, 2, 2, 2, 2, 2, 0, 2, 0], [0, 2, 0, 0, 0, 2, 0, 0, 0, 2, 0], [0, 3, 2, 2, 2, 2, 2, 2, 2, 2, 0], [0, 0, 0, 0, 0, 0, 0, 0, 0, 0, 0]]"
2026-05-29T08:29:57.475552,0,North,36.0,False,False,False,"[[0, 0, 0, 0, 0, 0, 0, 0, 0, 0, 0], [0, 2, 2, 2, 2, 2, 2, 2, 2, 3, 0], [0, 2, 0, 0, 0, 2, 0, 0, 0, 2, 0], [0, 2, 0, 2, 2, 2, 2, 2, 0, 2, 0], [0, 2, 2, 2, 0, 2, 0, 2, 2, 2, 0], [0, 0, 0, 2, 0, 2, 0, 2, 0, 0, 0], [0, 1, 5, 2, 2, 2, 2, 2, 2, 2, 0], [0, 1, 0, 2, 0, 0, 0, 2, 0, 2, 0], [0, 1, 0, 2, 0, 1, 0, 2, 0, 2, 0], [0, 1, 0, 2, 0, 4, 4, 2, 0, 2, 0], [0, 2, 0, 2, 0, 1, 1, 2, 0, 2, 0], [0, 2, 0, 2, 0, 1, 0, 2, 0, 2, 0], [0, 2, 0, 2, 0, 0, 0, 2, 0, 2, 0], [0, 2, 2, 2, 2, 2, 2, 2, 2, 2, 0], [0, 0, 0, 2, 0, 2, 0, 2, 0, 0, 0], [0, 2, 2, 2, 0, 2, 0, 2, 2, 2, 0], [0, 2, 0, 2, 2, 2, 2, 2, 0, 2, 0], [0, 2, 0, 0, 0, 2, 0, 0, 0, 2, 0], [0, 3, 2, 2, 2, 2, 2, 2, 2, 2, 0], [0, 0, 0, 0, 0, 0, 0, 0, 0, 0, 0]]"
2026-05-29T08:30:07.571674,0,West,45.0,False,False,False,"[[0, 0, 0, 0, 0, 0, 0, 0, 0, 0, 0], [0, 2, 2, 2, 2, 2, 2, 2, 2, 3, 0], [0, 2, 0, 0, 0, 2, 0, 0, 0, 2, 0], [0, 2, 0, 2, 2, 2, 2, 2, 0, 2, 0], [0, 2, 2, 2, 0, 2, 0, 2, 2, 2, 0], [0, 0, 0, 2, 0, 2, 0, 2, 0, 0, 0], [0, 1, 1, 5, 2, 2, 2, 2, 2, 2, 0], [0, 1, 0, 2, 0, 0, 0, 2, 0, 2, 0], [0, 1, 0, 2, 0, 1, 0, 2, 0, 2, 0], [0, 1, 0, 2, 0, 4, 4, 2, 0, 2, 0], [0, 2, 0, 2, 0, 1, 1, 2, 0, 2, 0], [0, 2, 0, 2, 0, 1, 0, 2, 0, 2, 0], [0, 2, 0, 2, 0, 0, 0, 2, 0, 2, 0], [0, 2, 2, 2, 2, 2, 2, 2, 2, 2, 0], [0, 0, 0, 2, 0, 2, 0, 2, 0, 0, 0], [0, 2, 2, 2, 0, 2, 0, 2, 2, 2, 0], [0, 2, 0, 2, 2, 2, 2, 2, 0, 2, 0], [0, 2, 0, 0, 0, 2, 0, 0, 0, 2, 0], [0, 3, 2, 2, 2, 2, 2, 2, 2, 2, 0], [0, 0, 0, 0, 0, 0, 0, 0, 0, 0, 0]]"
2026-05-29T08:30:11.817307,0,West,54.0,False,False,False,"[[0, 0, 0, 0, 0, 0, 0, 0, 0, 0, 0], [0, 2, 2, 2, 2, 2, 2, 2, 2, 3, 0], [0, 2, 0, 0, 0, 2, 0, 0, 0, 2, 0], [0, 2, 0, 2, 2, 2, 2, 2, 0, 2, 0], [0, 2, 2, 2, 0, 2, 0, 2, 2, 2, 0], [0, 0, 0, 5, 0, 2, 0, 2, 0, 0, 0], [0, 1, 1, 1, 2, 2, 2, 2, 2, 2, 0], [0, 1, 0, 2, 0, 0, 0, 2, 0, 2, 0], [0, 1, 0, 2, 0, 4, 0, 2, 0, 2, 0], [0, 1, 0, 2, 0, 1, 1, 4, 0, 2, 0], [0, 2, 0, 2, 0, 1, 1, 2, 0, 2, 0], [0, 2, 0, 2, 0, 1, 0, 2, 0, 2, 0], [0, 2, 0, 2, 0, 0, 0, 2, 0, 2, 0], [0, 2, 2, 2, 2, 2, 2, 2, 2, 2, 0], [0, 0, 0, 2, 0, 2, 0, 2, 0, 0, 0], [0, 2, 2, 2, 0, 2, 0, 2, 2, 2, 0], [0, 2, 0, 2, 2, 2, 2, 2, 0, 2, 0], [0, 2, 0, 0, 0, 2, 0, 0, 0, 2, 0], [0, 3, 2, 2, 2, 2, 2, 2, 2, 2, 0], [0, 0, 0, 0, 0, 0, 0, 0, 0, 0, 0]]"
2026-05-29T08:30:16.671600,0,South,63.0,False,False,False,"[[0, 0, 0, 0, 0, 0, 0, 0, 0, 0, 0], [0, 2, 2, 2, 2, 2, 2, 2, 2, 3, 0], [0, 2, 0, 0, 0, 2, 0, 0, 0, 2, 0], [0, 2, 0, 2, 2, 2, 2, 2, 0, 2, 0], [0, 2, 2, 5, 0, 2, 0, 2, 2, 2, 0], [0, 0, 0, 1, 0, 2, 0, 2, 0, 0, 0], [0, 1, 1, 1, 2, 2, 2, 2, 2, 2, 0], [0, 1, 0, 2, 0, 0, 0, 2, 0, 2, 0], [0, 1, 0, 2, 0, 1, 0, 4, 0, 2, 0], [0, 1, 0, 2, 0, 4, 1, 2, 0, 2, 0], [0, 2, 0, 2, 0, 1, 1, 2, 0, 2, 0], [0, 2, 0, 2, 0, 1, 0, 2, 0, 2, 0], [0, 2, 0, 2, 0, 0, 0, 2, 0, 2, 0], [0, 2, 2, 2, 2, 2, 2, 2, 2, 2, 0], [0, 0, 0, 2, 0, 2, 0, 2, 0, 0, 0], [0, 2, 2, 2, 0, 2, 0, 2, 2, 2, 0], [0, 2, 0, 2, 2, 2, 2, 2, 0, 2, 0], [0, 2, 0, 0, 0, 2, 0, 0, 0, 2, 0], [0, 3, 2, 2, 2, 2, 2, 2, 2, 2, 0], [0, 0, 0, 0, 0, 0, 0, 0, 0, 0, 0]]"
2026-05-29T08:30:18.877491,0,South,72.0,False,False,False,"[[0, 0, 0, 0, 0, 0, 0, 0, 0, 0, 0], [0, 2, 2, 2, 2, 2, 2, 2, 2, 3, 0], [0, 2, 0, 0, 0, 2, 0, 0, 0, 2, 0], [0, 2, 0, 2, 2, 2, 2, 2, 0, 2, 0], [0, 2, 5, 1, 0, 2, 0, 2, 2, 2, 0], [0, 0, 0, 1, 0, 2, 0, 2, 0, 0, 0], [0, 1, 1, 1, 2, 2, 2, 2, 2, 2, 0], [0, 1, 0, 2, 0, 0, 0, 4, 0, 2, 0], [0, 1, 0, 2, 0, 1, 0, 2, 0, 2, 0], [0, 1, 0, 2, 0, 1, 4, 2, 0, 2, 0], [0, 2, 0, 2, 0, 1, 1, 2, 0, 2, 0], [0, 2, 0, 2, 0, 1, 0, 2, 0, 2, 0], [0, 2, 0, 2, 0, 0, 0, 2, 0, 2, 0], [0, 2, 2, 2, 2, 2, 2, 2, 2, 2, 0], [0, 0, 0, 2, 0, 2, 0, 2, 0, 0, 0], [0, 2, 2, 2, 0, 2, 0, 2, 2, 2, 0], [0, 2, 0, 2, 2, 2, 2, 2, 0, 2, 0], [0, 2, 0, 0, 0, 2, 0, 0, 0, 2, 0], [0, 3, 2, 2, 2, 2, 2, 2, 2, 2, 0], [0, 0, 0, 0, 0, 0, 0, 0, 0, 0, 0]]"
2026-05-29T08:30:21.416272,0,West,81.0,False,False,False,"[[0, 0, 0, 0, 0, 0, 0, 0, 0, 0, 0], [0, 2, 2, 2, 2, 2, 2, 2, 2, 3, 0], [0, 2, 0, 0, 0, 2, 0, 0, 0, 2, 0], [0, 2, 0, 2, 2, 2, 2, 2, 0, 2, 0], [0, 5, 1, 1, 0, 2, 0, 2, 2, 2, 0], [0, 0, 0, 1, 0, 2, 0, 2, 0, 0, 0], [0, 1, 1, 1, 2, 2, 2, 4, 2, 2, 0], [0, 1, 0, 2, 0, 0, 0, 2, 0, 2, 0], [0, 1, 0, 2, 0, 1, 0, 2, 0, 2, 0], [0, 1, 0, 2, 0, 1, 1, 4, 0, 2, 0], [0, 2, 0, 2, 0, 1, 1, 2, 0, 2, 0], [0, 2, 0, 2, 0, 1, 0, 2, 0, 2, 0], [0, 2, 0, 2, 0, 0, 0, 2, 0, 2, 0], [0, 2, 2, 2, 2, 2, 2, 2, 2, 2, 0], [0, 0, 0, 2, 0, 2, 0, 2, 0, 0, 0], [0, 2, 2, 2, 0, 2, 0, 2, 2, 2, 0], [0, 2, 0, 2, 2, 2, 2, 2, 0, 2, 0], [0, 2, 0, 0, 0, 2, 0, 0, 0, 2, 0], [0, 3, 2, 2, 2, 2, 2, 2, 2, 2, 0], [0, 0, 0, 0, 0, 0, 0, 0, 0, 0, 0]]"
2026-05-29T08:30:21.851231,0,West,90.0,False,False,False,"[[0, 0, 0, 0, 0, 0, 0, 0, 0, 0, 0], [0, 2, 2, 2, 2, 2, 2, 2, 2, 3, 0], [0, 2, 0, 0, 0, 2, 0, 0, 0, 2, 0], [0, 5, 0, 2, 2, 2, 2, 2, 0, 2, 0], [0, 1, 1, 1, 0, 2, 0, 2, 2, 2, 0], [0, 0, 0, 1, 0, 2, 0, 4, 0, 0, 0], [0, 1, 1, 1, 2, 2, 2, 2, 2, 2, 0], [0, 1, 0, 2, 0, 0, 0, 2, 0, 2, 0], [0, 1, 0, 2, 0, 1, 0, 4, 0, 2, 0], [0, 1, 0, 2, 0, 1, 1, 2, 0, 2, 0], [0, 2, 0, 2, 0, 1, 1, 2, 0, 2, 0], [0, 2, 0, 2, 0, 1, 0, 2, 0, 2, 0], [0, 2, 0, 2, 0, 0, 0, 2, 0, 2, 0], [0, 2, 2, 2, 2, 2, 2, 2, 2, 2, 0], [0, 0, 0, 2, 0, 2, 0, 2, 0, 0, 0], [0, 2, 2, 2, 0, 2, 0, 2, 2, 2, 0], [0, 2, 0, 2, 2, 2, 2, 2, 0, 2, 0], [0, 2, 0, 0, 0, 2, 0, 0, 0, 2, 0], [0, 3, 2, 2, 2, 2, 2, 2, 2, 2, 0], [0, 0, 0, 0, 0, 0, 0, 0, 0, 0, 0]]"
2026-05-29T08:30:22.544171,0,West,99.0,False,False,False,"[[0, 0, 0, 0, 0, 0, 0, 0, 0, 0, 0], [0, 2, 2, 2, 2, 2, 2, 2, 2, 3, 0], [0, 5, 0, 0, 0, 2, 0, 0, 0, 2, 0], [0, 1, 0, 2, 2, 2, 2, 2, 0, 2, 0], [0, 1, 1, 1, 0, 2, 0, 4, 2, 2, 0], [0, 0, 0, 1, 0, 2, 0, 2, 0, 0, 0], [0, 1, 1, 1, 2, 2, 2, 2, 2, 2, 0], [0, 1, 0, 2, 0, 0, 0, 4, 0, 2, 0], [0, 1, 0, 2, 0, 1, 0, 2, 0, 2, 0], [0, 1, 0, 2, 0, 1, 1, 2, 0, 2, 0], [0, 2, 0, 2, 0, 1, 1, 2, 0, 2, 0], [0, 2, 0, 2, 0, 1, 0, 2, 0, 2, 0], [0, 2, 0, 2, 0, 0, 0, 2, 0, 2, 0], [0, 2, 2, 2, 2, 2, 2, 2, 2, 2, 0], [0, 0, 0, 2, 0, 2, 0, 2, 0, 0, 0], [0, 2, 2, 2, 0, 2, 0, 2, 2, 2, 0], [0, 2, 0, 2, 2, 2, 2, 2, 0, 2, 0], [0, 2, 0, 0, 0, 2, 0, 0, 0, 2, 0], [0, 3, 2, 2, 2, 2, 2, 2, 2, 2, 0], [0, 0, 0, 0, 0, 0, 0, 0, 0, 0, 0]]"
2026-05-29T08:30:23.699071,0,North,108.0,False,False,False,"[[0, 0, 0, 0, 0, 0, 0, 0, 0, 0, 0], [0, 5, 2, 2, 2, 2, 2, 2, 2, 3, 0], [0, 1, 0, 0, 0, 2, 0, 0, 0, 2, 0], [0, 1, 0, 2, 2, 2, 2, 4, 0, 2, 0], [0, 1, 1, 1, 0, 2, 0, 2, 2, 2, 0], [0, 0, 0, 1, 0, 2, 0, 2, 0, 0, 0], [0, 1, 1, 1, 2, 2, 2, 4, 2, 2, 0], [0, 1, 0, 2, 0, 0, 0, 2, 0, 2, 0], [0, 1, 0, 2, 0, 1, 0, 2, 0, 2, 0], [0, 1, 0, 2, 0, 1, 1, 2, 0, 2, 0], [0, 2, 0, 2, 0, 1, 1, 2, 0, 2, 0], [0, 2, 0, 2, 0, 1, 0, 2, 0, 2, 0], [0, 2, 0, 2, 0, 0, 0, 2, 0, 2, 0], [0, 2, 2, 2, 2, 2, 2, 2, 2, 2, 0], [0, 0, 0, 2, 0, 2, 0, 2, 0, 0, 0], [0, 2, 2, 2, 0, 2, 0, 2, 2, 2, 0], [0, 2, 0, 2, 2, 2, 2, 2, 0, 2, 0], [0, 2, 0, 0, 0, 2, 0, 0, 0, 2, 0], [0, 3, 2, 2, 2, 2, 2, 2, 2, 2, 0], [0, 0, 0, 0, 0, 0, 0, 0, 0, 0, 0]]"
2026-05-29T08:30:24.570995,0,North,117.0,False,False,False,"[[0, 0, 0, 0, 0, 0, 0, 0, 0, 0, 0], [0, 1, 5, 2, 2, 2, 2, 2, 2, 3, 0], [0, 1, 0, 0, 0, 2, 0, 0, 0, 2, 0], [0, 1, 0, 2, 2, 2, 4, 2, 0, 2, 0], [0, 1, 1, 1, 0, 2, 0, 2, 2, 2, 0], [0, 0, 0, 1, 0, 2, 0, 2, 0, 0, 0], [0, 1, 1, 1, 2, 2, 4, 2, 2, 2, 0], [0, 1, 0, 2, 0, 0, 0, 2, 0, 2, 0], [0, 1, 0, 2, 0, 1, 0, 2, 0, 2, 0], [0, 1, 0, 2, 0, 1, 1, 2, 0, 2, 0], [0, 2, 0, 2, 0, 1, 1, 2, 0, 2, 0], [0, 2, 0, 2, 0, 1, 0, 2, 0, 2, 0], [0, 2, 0, 2, 0, 0, 0, 2, 0, 2, 0], [0, 2, 2, 2, 2, 2, 2, 2, 2, 2, 0], [0, 0, 0, 2, 0, 2, 0, 2, 0, 0, 0], [0, 2, 2, 2, 0, 2, 0, 2, 2, 2, 0], [0, 2, 0, 2, 2, 2, 2, 2, 0, 2, 0], [0, 2, 0, 0, 0, 2, 0, 0, 0, 2, 0], [0, 3, 2, 2, 2, 2, 2, 2, 2, 2, 0], [0, 0, 0, 0, 0, 0, 0, 0, 0, 0, 0]]"
2026-05-29T08:30:25.535912,0,North,126.0,False,False,False,"[[0, 0, 0, 0, 0, 0, 0, 0, 0, 0, 0], [0, 1, 1, 5, 2, 2, 2, 2, 2, 3, 0], [0, 1, 0, 0, 0, 2, 0, 0, 0, 2, 0], [0, 1, 0, 2, 2, 4, 2, 2, 0, 2, 0], [0, 1, 1, 1, 0, 2, 0, 2, 2, 2, 0], [0, 0, 0, 1, 0, 2, 0, 2, 0, 0, 0], [0, 1, 1, 1, 2, 4, 2, 2, 2, 2, 0], [0, 1, 0, 2, 0, 0, 0, 2, 0, 2, 0], [0, 1, 0, 2, 0, 1, 0, 2, 0, 2, 0], [0, 1, 0, 2, 0, 1, 1, 2, 0, 2, 0], [0, 2, 0, 2, 0, 1, 1, 2, 0, 2, 0], [0, 2, 0, 2, 0, 1, 0, 2, 0, 2, 0], [0, 2, 0, 2, 0, 0, 0, 2, 0, 2, 0], [0, 2, 2, 2, 2, 2, 2, 2, 2, 2, 0], [0, 0, 0, 2, 0, 2, 0, 2, 0, 0, 0], [0, 2, 2, 2, 0, 2, 0, 2, 2, 2, 0], [0, 2, 0, 2, 2, 2, 2, 2, 0, 2, 0], [0, 2, 0, 0, 0, 2, 0, 0, 0, 2, 0], [0, 3, 2, 2, 2, 2, 2, 2, 2, 2, 0], [0, 0, 0, 0, 0, 0, 0, 0, 0, 0, 0]]"
2026-05-29T08:30:26.097865,0,North,135.0,False,False,False,"[[0, 0, 0, 0, 0, 0, 0, 0, 0, 0, 0], [0, 1, 1, 1, 5, 2, 2, 2, 2, 3, 0], [0, 1, 0, 0, 0, 2, 0, 0, 0, 2, 0], [0, 1, 0, 2, 4, 2, 2, 2, 0, 2, 0], [0, 1, 1, 1, 0, 2, 0, 2, 2, 2, 0], [0, 0, 0, 1, 0, 4, 0, 2, 0, 0, 0], [0, 1, 1, 1, 2, 2, 2, 2, 2, 2, 0], [0, 1, 0, 2, 0, 0, 0, 2, 0, 2, 0], [0, 1, 0, 2, 0, 1, 0, 2, 0, 2, 0], [0, 1, 0, 2, 0, 1, 1, 2, 0, 2, 0], [0, 2, 0, 2, 0, 1, 1, 2, 0, 2, 0], [0, 2, 0, 2, 0, 1, 0, 2, 0, 2, 0], [0, 2, 0, 2, 0, 0, 0, 2, 0, 2, 0], [0, 2, 2, 2, 2, 2, 2, 2, 2, 2, 0], [0, 0, 0, 2, 0, 2, 0, 2, 0, 0, 0], [0, 2, 2, 2, 0, 2, 0, 2, 2, 2, 0], [0, 2, 0, 2, 2, 2, 2, 2, 0, 2, 0], [0, 2, 0, 0, 0, 2, 0, 0, 0, 2, 0], [0, 3, 2, 2, 2, 2, 2, 2, 2, 2, 0], [0, 0, 0, 0, 0, 0, 0, 0, 0, 0, 0]]"
2026-05-29T08:30:27.353755,0,North,144.0,False,False,False,"[[0, 0, 0, 0, 0, 0, 0, 0, 0, 0, 0], [0, 1, 1, 1, 1, 5, 2, 2, 2, 3, 0], [0, 1, 0, 0, 0, 2, 0, 0, 0, 2, 0], [0, 1, 0, 4, 2, 2, 2, 2, 0, 2, 0], [0, 1, 1, 1, 0, 4, 0, 2, 2, 2, 0], [0, 0, 0, 1, 0, 2, 0, 2, 0, 0, 0], [0, 1, 1, 1, 2, 2, 2, 2, 2, 2, 0], [0, 1, 0, 2, 0, 0, 0, 2, 0, 2, 0], [0, 1, 0, 2, 0, 1, 0, 2, 0, 2, 0], [0, 1, 0, 2, 0, 1, 1, 2, 0, 2, 0], [0, 2, 0, 2, 0, 1, 1, 2, 0, 2, 0], [0, 2, 0, 2, 0, 1, 0, 2, 0, 2, 0], [0, 2, 0, 2, 0, 0, 0, 2, 0, 2, 0], [0, 2, 2, 2, 2, 2, 2, 2, 2, 2, 0], [0, 0, 0, 2, 0, 2, 0, 2, 0, 0, 0], [0, 2, 2, 2, 0, 2, 0, 2, 2, 2, 0], [0, 2, 0, 2, 2, 2, 2, 2, 0, 2, 0], [0, 2, 0, 0, 0, 2, 0, 0, 0, 2, 0], [0, 3, 2, 2, 2, 2, 2, 2, 2, 2, 0], [0, 0, 0, 0, 0, 0, 0, 0, 0, 0, 0]]"
2026-05-29T08:30:28.623646,0,North,153.0,False,False,False,"[[0, 0, 0, 0, 0, 0, 0, 0, 0, 0, 0], [0, 1, 1, 1, 1, 1, 5, 2, 2, 3, 0], [0, 1, 0, 0, 0, 2, 0, 0, 0, 2, 0], [0, 1, 0, 2, 2, 4, 2, 2, 0, 2, 0], [0, 1, 1, 4, 0, 2, 0, 2, 2, 2, 0], [0, 0, 0, 1, 0, 2, 0, 2, 0, 0, 0], [0, 1, 1, 1, 2, 2, 2, 2, 2, 2, 0], [0, 1, 0, 2, 0, 0, 0, 2, 0, 2, 0], [0, 1, 0, 2, 0, 1, 0, 2, 0, 2, 0], [0, 1, 0, 2, 0, 1, 1, 2, 0, 2, 0], [0, 2, 0, 2, 0, 1, 1, 2, 0, 2, 0], [0, 2, 0, 2, 0, 1, 0, 2, 0, 2, 0], [0, 2, 0, 2, 0, 0, 0, 2, 0, 2, 0], [0, 2, 2, 2, 2, 2, 2, 2, 2, 2, 0], [0, 0, 0, 2, 0, 2, 0, 2, 0, 0, 0], [0, 2, 2, 2, 0, 2, 0, 2, 2, 2, 0], [0, 2, 0, 2, 2, 2, 2, 2, 0, 2, 0], [0, 2, 0, 0, 0, 2, 0, 0, 0, 2, 0], [0, 3, 2, 2, 2, 2, 2, 2, 2, 2, 0], [0, 0, 0, 0, 0, 0, 0, 0, 0, 0, 0]]"
2026-05-29T08:30:29.723549,0,North,162.0,False,False,False,"[[0, 0, 0, 0, 0, 0, 0, 0, 0, 0, 0], [0, 1, 1, 1, 1, 1, 1, 5, 2, 3, 0], [0, 1, 0, 0, 0, 2, 0, 0, 0, 2, 0], [0, 1, 0, 2, 2, 2, 4, 2, 0, 2, 0], [0, 1, 1, 1, 0, 2, 0, 2, 2, 2, 0], [0, 0, 0, 4, 0, 2, 0, 2, 0, 0, 0], [0, 1, 1, 1, 2, 2, 2, 2, 2, 2, 0], [0, 1, 0, 2, 0, 0, 0, 2, 0, 2, 0], [0, 1, 0, 2, 0, 1, 0, 2, 0, 2, 0], [0, 1, 0, 2, 0, 1, 1, 2, 0, 2, 0], [0, 2, 0, 2, 0, 1, 1, 2, 0, 2, 0], [0, 2, 0, 2, 0, 1, 0, 2, 0, 2, 0], [0, 2, 0, 2, 0, 0, 0, 2, 0, 2, 0], [0, 2, 2, 2, 2, 2, 2, 2, 2, 2, 0], [0, 0, 0, 2, 0, 2, 0, 2, 0, 0, 0], [0, 2, 2, 2, 0, 2, 0, 2, 2, 2, 0], [0, 2, 0, 2, 2, 2, 2, 2, 0, 2, 0], [0, 2, 0, 0, 0, 2, 0, 0, 0, 2, 0], [0, 3, 2, 2, 2, 2, 2, 2, 2, 2, 0], [0, 0, 0, 0, 0, 0, 0, 0, 0, 0, 0]]"
2026-05-29T08:30:30.908445,0,North,171.0,False,False,False,"[[0, 0, 0, 0, 0, 0, 0, 0, 0, 0, 0], [0, 1, 1, 1, 1, 1, 1, 1, 5, 3, 0], [0, 1, 0, 0, 0, 2, 0, 0, 0, 2, 0], [0, 1, 0, 2, 2, 2, 2, 4, 0, 2, 0], [0, 1, 1, 1, 0, 2, 0, 2, 2, 2, 0], [0, 0, 0, 1, 0, 2, 0, 2, 0, 0, 0], [0, 1, 1, 4, 2, 2, 2, 2, 2, 2, 0], [0, 1, 0, 2, 0, 0, 0, 2, 0, 2, 0], [0, 1, 0, 2, 0, 1, 0, 2, 0, 2, 0], [0, 1, 0, 2, 0, 1, 1, 2, 0, 2, 0], [0, 2, 0, 2, 0, 1, 1, 2, 0, 2, 0], [0, 2, 0, 2, 0, 1, 0, 2, 0, 2, 0], [0, 2, 0, 2, 0, 0, 0, 2, 0, 2, 0], [0, 2, 2, 2, 2, 2, 2, 2, 2, 2, 0], [0, 0, 0, 2, 0, 2, 0, 2, 0, 0, 0], [0, 2, 2, 2, 0, 2, 0, 2, 2, 2, 0], [0, 2, 0, 2, 2, 2, 2, 2, 0, 2, 0], [0, 2, 0, 0, 0, 2, 0, 0, 0, 2, 0], [0, 3, 2, 2, 2, 2, 2, 2, 2, 2, 0], [0, 0, 0, 0, 0, 0, 0, 0, 0, 0, 0]]"
2026-05-29T08:30:31.267415,0,East,170.0,False,False,False,"[[0, 0, 0, 0, 0, 0, 0, 0, 0, 0, 0], [0, 1, 1, 1, 1, 1, 1, 1, 1, 5, 0], [0, 1, 0, 0, 0, 2, 0, 0, 0, 2, 0], [0, 1, 0, 2, 2, 2, 2, 4, 0, 2, 0], [0, 1, 1, 1, 0, 2, 0, 2, 2, 2, 0], [0, 0, 0, 1, 0, 2, 0, 2, 0, 0, 0], [0, 1, 1, 4, 2, 2, 2, 2, 2, 2, 0], [0, 1, 0, 2, 0, 0, 0, 2, 0, 2, 0], [0, 1, 0, 2, 0, 1, 0, 2, 0, 2, 0], [0, 1, 0, 2, 0, 1, 1, 2, 0, 2, 0], [0, 2, 0, 2, 0, 1, 1, 2, 0, 2, 0], [0, 2, 0, 2, 0, 1, 0, 2, 0, 2, 0], [0, 2, 0, 2, 0, 0, 0, 2, 0, 2, 0], [0, 2, 2, 2, 2, 2, 2, 2, 2, 2, 0], [0, 0, 0, 2, 0, 2, 0, 2, 0, 0, 0], [0, 2, 2, 2, 0, 2, 0, 2, 2, 2, 0], [0, 2, 0, 2, 2, 2, 2, 2, 0, 2, 0], [0, 2, 0, 0, 0, 2, 0, 0, 0, 2, 0], [0, 3, 2, 2, 2, 2, 2, 2, 2, 2, 0], [0, 0, 0, 0, 0, 0, 0, 0, 0, 0, 0]]"
2026-05-29T08:30:31.596388,0,East,179.0,False,False,False,"[[0, 0, 0, 0, 0, 0, 0, 0, 0, 0, 0], [0, 1, 1, 1, 1, 1, 1, 1, 1, 1, 0], [0, 1, 0, 0, 0, 2, 0, 0, 0, 5, 0], [0, 1, 0, 2, 2, 2, 2, 2, 0, 2, 0], [0, 1, 1, 1, 0, 2, 0, 4, 2, 2, 0], [0, 0, 0, 1, 0, 2, 0, 2, 0, 0, 0], [0, 1, 1, 1, 2, 2, 2, 2, 2, 2, 0], [0, 1, 0, 4, 0, 0, 0, 2, 0, 2, 0], [0, 1, 0, 2, 0, 1, 0, 2, 0, 2, 0], [0, 1, 0, 2, 0, 1, 1, 2, 0, 2, 0], [0, 2, 0, 2, 0, 1, 1, 2, 0, 2, 0], [0, 2, 0, 2, 0, 1, 0, 2, 0, 2, 0], [0, 2, 0, 2, 0, 0, 0, 2, 0, 2, 0], [0, 2, 2, 2, 2, 2, 2, 2, 2, 2, 0], [0, 0, 0, 2, 0, 2, 0, 2, 0, 0, 0], [0, 2, 2, 2, 0, 2, 0, 2, 2, 2, 0], [0, 2, 0, 2, 2, 2, 2, 2, 0, 2, 0], [0, 2, 0, 0, 0, 2, 0, 0, 0, 2, 0], [0, 3, 2, 2, 2, 2, 2, 2, 2, 2, 0], [0, 0, 0, 0, 0, 0, 0, 0, 0, 0, 0]]"
2026-05-29T08:30:31.889362,0,East,188.0,False,False,False,"[[0, 0, 0, 0, 0, 0, 0, 0, 0, 0, 0], [0, 1, 1, 1, 1, 1, 1, 1, 1, 1, 0], [0, 1, 0, 0, 0, 2, 0, 0, 0, 1, 0], [0, 1, 0, 2, 2, 2, 2, 2, 0, 5, 0], [0, 1, 1, 1, 0, 2, 0, 4, 2, 2, 0], [0, 0, 0, 1, 0, 2, 0, 2, 0, 0, 0], [0, 1, 1, 1, 2, 2, 2, 2, 2, 2, 0], [0, 1, 0, 4, 0, 0, 0, 2, 0, 2, 0], [0, 1, 0, 2, 0, 1, 0, 2, 0, 2, 0], [0, 1, 0, 2, 0, 1, 1, 2, 0, 2, 0], [0, 2, 0, 2, 0, 1, 1, 2, 0, 2, 0], [0, 2, 0, 2, 0, 1, 0, 2, 0, 2, 0], [0, 2, 0, 2, 0, 0, 0, 2, 0, 2, 0], [0, 2, 2, 2, 2, 2, 2, 2, 2, 2, 0], [0, 0, 0, 2, 0, 2, 0, 2, 0, 0, 0], [0, 2, 2, 2, 0, 2, 0, 2, 2, 2, 0], [0, 2, 0, 2, 2, 2, 2, 2, 0, 2, 0], [0, 2, 0, 0, 0, 2, 0, 0, 0, 2, 0], [0, 3, 2, 2, 2, 2, 2, 2, 2, 2, 0], [0, 0, 0, 0, 0, 0, 0, 0, 0, 0, 0]]"
2026-05-29T08:30:32.584301,0,South,197.0,False,False,False,"[[0, 0, 0, 0, 0, 0, 0, 0, 0, 0, 0], [0, 1, 1, 1, 1, 1, 1, 1, 1, 1, 0], [0, 1, 0, 0, 0, 2, 0, 0, 0, 1, 0], [0, 1, 0, 2, 2, 2, 2, 2, 0, 1, 0], [0, 1, 1, 1, 0, 2, 0, 2, 4, 5, 0], [0, 0, 0, 1, 0, 2, 0, 2, 0, 0, 0], [0, 1, 1, 1, 2, 2, 2, 2, 2, 2, 0], [0, 1, 0, 2, 0, 0, 0, 2, 0, 2, 0], [0, 1, 0, 4, 0, 1, 0, 2, 0, 2, 0], [0, 1, 0, 2, 0, 1, 1, 2, 0, 2, 0], [0, 2, 0, 2, 0, 1, 1, 2, 0, 2, 0], [0, 2, 0, 2, 0, 1, 0, 2, 0, 2, 0], [0, 2, 0, 2, 0, 0, 0, 2, 0, 2, 0], [0, 2, 2, 2, 2, 2, 2, 2, 2, 2, 0], [0, 0, 0, 2, 0, 2, 0, 2, 0, 0, 0], [0, 2, 2, 2, 0, 2, 0, 2, 2, 2, 0], [0, 2, 0, 2, 2, 2, 2, 2, 0, 2, 0], [0, 2, 0, 0, 0, 2, 0, 0, 0, 2, 0], [0, 3, 2, 2, 2, 2, 2, 2, 2, 2, 0], [0, 0, 0, 0, 0, 0, 0, 0, 0, 0, 0]]"
2026-05-29T08:30:33.977179,0,South,406.0,False,False,False,"[[0, 0, 0, 0, 0, 0, 0, 0, 0, 0, 0], [0, 1, 1, 1, 1, 1, 1, 1, 1, 1, 0], [0, 1, 0, 0, 0, 2, 0, 0, 0, 1, 0], [0, 1, 0, 2, 2, 2, 2, 2, 0, 1, 0], [0, 1, 1, 1, 0, 2, 0, 2, 5, 1, 0], [0, 0, 0, 1, 0, 2, 0, 2, 0, 0, 0], [0, 1, 1, 1, 2, 2, 2, 2, 2, 2, 0], [0, 1, 0, 2, 0, 0, 0, 2, 0, 2, 0], [0, 1, 0, 4, 0, 1, 0, 2, 0, 2, 0], [0, 1, 0, 2, 0, 4, 1, 2, 0, 2, 0], [0, 2, 0, 2, 0, 1, 1, 2, 0, 2, 0], [0, 2, 0, 2, 0, 1, 0, 2, 0, 2, 0], [0, 2, 0, 2, 0, 0, 0, 2, 0, 2, 0], [0, 2, 2, 2, 2, 2, 2, 2, 2, 2, 0], [0, 0, 0, 2, 0, 2, 0, 2, 0, 0, 0], [0, 2, 2, 2, 0, 2, 0, 2, 2, 2, 0], [0, 2, 0, 2, 2, 2, 2, 2, 0, 2, 0], [0, 2, 0, 0, 0, 2, 0, 0, 0, 2, 0], [0, 3, 2, 2, 2, 2, 2, 2, 2, 2, 0], [0, 0, 0, 0, 0, 0, 0, 0, 0, 0, 0]]"
2026-05-29T08:30:35.815020,0,East,415.0,False,False,False,"[[0, 0, 0, 0, 0, 0, 0, 0, 0, 0, 0], [0, 1, 1, 1, 1, 1, 1, 1, 1, 1, 0], [0, 1, 0, 0, 0, 2, 0, 0, 0, 1, 0], [0, 1, 0, 2, 2, 2, 2, 2, 0, 1, 0], [0, 1, 1, 1, 0, 2, 0, 5, 1, 1, 0], [0, 0, 0, 1, 0, 2, 0, 2, 0, 0, 0], [0, 1, 1, 1, 2, 2, 2, 2, 2, 2, 0], [0, 1, 0, 2, 0, 0, 0, 2, 0, 2, 0], [0, 1, 0, 2, 0, 1, 0, 2, 0, 2, 0], [0, 1, 0, 4, 0, 1, 1, 2, 0, 2, 0], [0, 2, 0, 2, 0, 4, 1, 2, 0, 2, 0], [0, 2, 0, 2, 0, 1, 0, 2, 0, 2, 0], [0, 2, 0, 2, 0, 0, 0, 2, 0, 2, 0], [0, 2, 2, 2, 2, 2, 2, 2, 2, 2, 0], [0, 0, 0, 2, 0, 2, 0, 2, 0, 0, 0], [0, 2, 2, 2, 0, 2, 0, 2, 2, 2, 0], [0, 2, 0, 2, 2, 2, 2, 2, 0, 2, 0], [0, 2, 0, 0, 0, 2, 0, 0, 0, 2, 0], [0, 3, 2, 2, 2, 2, 2, 2, 2, 2, 0], [0, 0, 0, 0, 0, 0, 0, 0, 0, 0, 0]]"
2026-05-29T08:30:37.628373,0,East,424.0,False,False,False,"[[0, 0, 0, 0, 0, 0, 0, 0, 0, 0, 0], [0, 1, 1, 1, 1, 1, 1, 1, 1, 1, 0], [0, 1, 0, 0, 0, 2, 0, 0, 0, 1, 0], [0, 1, 0, 2, 2, 2, 2, 2, 0, 1, 0], [0, 1, 1, 1, 0, 2, 0, 1, 1, 1, 0], [0, 0, 0, 1, 0, 2, 0, 5, 0, 0, 0], [0, 1, 1, 1, 2, 2, 2, 2, 2, 2, 0], [0, 1, 0, 2, 0, 0, 0, 2, 0, 2, 0], [0, 1, 0, 2, 0, 1, 0, 2, 0, 2, 0], [0, 1, 0, 4, 0, 1, 1, 2, 0, 2, 0], [0, 2, 0, 2, 0, 1, 4, 2, 0, 2, 0], [0, 2, 0, 2, 0, 1, 0, 2, 0, 2, 0], [0, 2, 0, 2, 0, 0, 0, 2, 0, 2, 0], [0, 2, 2, 2, 2, 2, 2, 2, 2, 2, 0], [0, 0, 0, 2, 0, 2, 0, 2, 0, 0, 0], [0, 2, 2, 2, 0, 2, 0, 2, 2, 2, 0], [0, 2, 0, 2, 2, 2, 2, 2, 0, 2, 0], [0, 2, 0, 0, 0, 2, 0, 0, 0, 2, 0], [0, 3, 2, 2, 2, 2, 2, 2, 2, 2, 0], [0, 0, 0, 0, 0, 0, 0, 0, 0, 0, 0]]"
2026-05-29T08:30:39.049226,0,South,433.0,False,False,False,"[[0, 0, 0, 0, 0, 0, 0, 0, 0, 0, 0], [0, 1, 1, 1, 1, 1, 1, 1, 1, 1, 0], [0, 1, 0, 0, 0, 2, 0, 0, 0, 1, 0], [0, 1, 0, 2, 2, 2, 2, 2, 0, 1, 0], [0, 1, 1, 1, 0, 2, 0, 1, 1, 1, 0], [0, 0, 0, 1, 0, 2, 0, 1, 0, 0, 0], [0, 1, 1, 1, 2, 2, 2, 5, 2, 2, 0], [0, 1, 0, 2, 0, 0, 0, 2, 0, 2, 0], [0, 1, 0, 2, 0, 1, 0, 2, 0, 2, 0], [0, 1, 0, 2, 0, 1, 1, 2, 0, 2, 0], [0, 2, 0, 4, 0, 1, 1, 4, 0, 2, 0], [0, 2, 0, 2, 0, 1, 0, 2, 0, 2, 0], [0, 2, 0, 2, 0, 0, 0, 2, 0, 2, 0], [0, 2, 2, 2, 2, 2, 2, 2, 2, 2, 0], [0, 0, 0, 2, 0, 2, 0, 2, 0, 0, 0], [0, 2, 2, 2, 0, 2, 0, 2, 2, 2, 0], [0, 2, 0, 2, 2, 2, 2, 2, 0, 2, 0], [0, 2, 0, 0, 0, 2, 0, 0, 0, 2, 0], [0, 3, 2, 2, 2, 2, 2, 2, 2, 2, 0], [0, 0, 0, 0, 0, 0, 0, 0, 0, 0, 0]]"
2026-05-29T08:30:40.010237,0,South,442.0,False,False,False,"[[0, 0, 0, 0, 0, 0, 0, 0, 0, 0, 0], [0, 1, 1, 1, 1, 1, 1, 1, 1, 1, 0], [0, 1, 0, 0, 0, 2, 0, 0, 0, 1, 0], [0, 1, 0, 2, 2, 2, 2, 2, 0, 1, 0], [0, 1, 1, 1, 0, 2, 0, 1, 1, 1, 0], [0, 0, 0, 1, 0, 2, 0, 1, 0, 0, 0], [0, 1, 1, 1, 2, 2, 5, 1, 2, 2, 0], [0, 1, 0, 2, 0, 0, 0, 2, 0, 2, 0], [0, 1, 0, 2, 0, 1, 0, 2, 0, 2, 0], [0, 1, 0, 2, 0, 1, 1, 4, 0, 2, 0], [0, 2, 0, 4, 0, 1, 1, 2, 0, 2, 0], [0, 2, 0, 2, 0, 1, 0, 2, 0, 2, 0], [0, 2, 0, 2, 0, 0, 0, 2, 0, 2, 0], [0, 2, 2, 2, 2, 2, 2, 2, 2, 2, 0], [0, 0, 0, 2, 0, 2, 0, 2, 0, 0, 0], [0, 2, 2, 2, 0, 2, 0, 2, 2, 2, 0], [0, 2, 0, 2, 2, 2, 2, 2, 0, 2, 0], [0, 2, 0, 0, 0, 2, 0, 0, 0, 2, 0], [0, 3, 2, 2, 2, 2, 2, 2, 2, 2, 0], [0, 0, 0, 0, 0, 0, 0, 0, 0, 0, 0]]"
2026-05-29T08:30:41.554540,0,West,451.0,False,False,False,"[[0, 0, 0, 0, 0, 0, 0, 0, 0, 0, 0], [0, 1, 1, 1, 1, 1, 1, 1, 1, 1, 0], [0, 1, 0, 0, 0, 2, 0, 0, 0, 1, 0], [0, 1, 0, 2, 2, 2, 2, 2, 0, 1, 0], [0, 1, 1, 1, 0, 2, 0, 1, 1, 1, 0], [0, 0, 0, 1, 0, 2, 0, 1, 0, 0, 0], [0, 1, 1, 1, 2, 5, 1, 1, 2, 2, 0], [0, 1, 0, 2, 0, 0, 0, 2, 0, 2, 0], [0, 1, 0, 2, 0, 1, 0, 2, 0, 2, 0], [0, 1, 0, 2, 0, 1, 4, 2, 0, 2, 0], [0, 2, 0, 2, 0, 1, 1, 2, 0, 2, 0], [0, 2, 0, 4, 0, 1, 0, 2, 0, 2, 0], [0, 2, 0, 2, 0, 0, 0, 2, 0, 2, 0], [0, 2, 2, 2, 2, 2, 2, 2, 2, 2, 0], [0, 0, 0, 2, 0, 2, 0, 2, 0, 0, 0], [0, 2, 2, 2, 0, 2, 0, 2, 2, 2, 0], [0, 2, 0, 2, 2, 2, 2, 2, 0, 2, 0], [0, 2, 0, 0, 0, 2, 0, 0, 0, 2, 0], [0, 3, 2, 2, 2, 2, 2, 2, 2, 2, 0], [0, 0, 0, 0, 0, 0, 0, 0, 0, 0, 0]]"
2026-05-29T08:30:43.122405,0,West,460.0,False,False,False,"[[0, 0, 0, 0, 0, 0, 0, 0, 0, 0, 0], [0, 1, 1, 1, 1, 1, 1, 1, 1, 1, 0], [0, 1, 0, 0, 0, 2, 0, 0, 0, 1, 0], [0, 1, 0, 2, 2, 2, 2, 2, 0, 1, 0], [0, 1, 1, 1, 0, 2, 0, 1, 1, 1, 0], [0, 0, 0, 1, 0, 5, 0, 1, 0, 0, 0], [0, 1, 1, 1, 2, 1, 1, 1, 2, 2, 0], [0, 1, 0, 2, 0, 0, 0, 2, 0, 2, 0], [0, 1, 0, 2, 0, 1, 0, 2, 0, 2, 0], [0, 1, 0, 2, 0, 4, 1, 2, 0, 2, 0], [0, 2, 0, 2, 0, 1, 1, 2, 0, 2, 0], [0, 2, 0, 4, 0, 1, 0, 2, 0, 2, 0], [0, 2, 0, 2, 0, 0, 0, 2, 0, 2, 0], [0, 2, 2, 2, 2, 2, 2, 2, 2, 2, 0], [0, 0, 0, 2, 0, 2, 0, 2, 0, 0, 0], [0, 2, 2, 2, 0, 2, 0, 2, 2, 2, 0], [0, 2, 0, 2, 2, 2, 2, 2, 0, 2, 0], [0, 2, 0, 0, 0, 2, 0, 0, 0, 2, 0], [0, 3, 2, 2, 2, 2, 2, 2, 2, 2, 0], [0, 0, 0, 0, 0, 0, 0, 0, 0, 0, 0]]"
2026-05-29T08:30:44.784261,0,West,469.0,False,False,False,"[[0, 0, 0, 0, 0, 0, 0, 0, 0, 0, 0], [0, 1, 1, 1, 1, 1, 1, 1, 1, 1, 0], [0, 1, 0, 0, 0, 2, 0, 0, 0, 1, 0], [0, 1, 0, 2, 2, 2, 2, 2, 0, 1, 0], [0, 1, 1, 1, 0, 5, 0, 1, 1, 1, 0], [0, 0, 0, 1, 0, 1, 0, 1, 0, 0, 0], [0, 1, 1, 1, 2, 1, 1, 1, 2, 2, 0], [0, 1, 0, 2, 0, 0, 0, 2, 0, 2, 0], [0, 1, 0, 2, 0, 4, 0, 2, 0, 2, 0], [0, 1, 0, 2, 0, 1, 1, 2, 0, 2, 0], [0, 2, 0, 2, 0, 1, 1, 2, 0, 2, 0], [0, 2, 0, 2, 0, 1, 0, 2, 0, 2, 0], [0, 2, 0, 4, 0, 0, 0, 2, 0, 2, 0], [0, 2, 2, 2, 2, 2, 2, 2, 2, 2, 0], [0, 0, 0, 2, 0, 2, 0, 2, 0, 0, 0], [0, 2, 2, 2, 0, 2, 0, 2, 2, 2, 0], [0, 2, 0, 2, 2, 2, 2, 2, 0, 2, 0], [0, 2, 0, 0, 0, 2, 0, 0, 0, 2, 0], [0, 3, 2, 2, 2, 2, 2, 2, 2, 2, 0], [0, 0, 0, 0, 0, 0, 0, 0, 0, 0, 0]]"
2026-05-29T08:30:53.265525,0,North,478.0,False,False,False,"[[0, 0, 0, 0, 0, 0, 0, 0, 0, 0, 0], [0, 1, 1, 1, 1, 1, 1, 1, 1, 1, 0], [0, 1, 0, 0, 0, 2, 0, 0, 0, 1, 0], [0, 1, 0, 2, 2, 5, 2, 2, 0, 1, 0], [0, 1, 1, 1, 0, 1, 0, 1, 1, 1, 0], [0, 0, 0, 1, 0, 1, 0, 1, 0, 0, 0], [0, 1, 1, 1, 2, 1, 1, 1, 2, 2, 0], [0, 1, 0, 2, 0, 0, 0, 2, 0, 2, 0], [0, 1, 0, 2, 0, 1, 0, 2, 0, 2, 0], [0, 1, 0, 2, 0, 4, 1, 2, 0, 2, 0], [0, 2, 0, 2, 0, 1, 1, 2, 0, 2, 0], [0, 2, 0, 2, 0, 1, 0, 2, 0, 2, 0], [0, 2, 0, 4, 0, 0, 0, 2, 0, 2, 0], [0, 2, 2, 2, 2, 2, 2, 2, 2, 2, 0], [0, 0, 0, 2, 0, 2, 0, 2, 0, 0, 0], [0, 2, 2, 2, 0, 2, 0, 2, 2, 2, 0], [0, 2, 0, 2, 2, 2, 2, 2, 0, 2, 0], [0, 2, 0, 0, 0, 2, 0, 0, 0, 2, 0], [0, 3, 2, 2, 2, 2, 2, 2, 2, 2, 0], [0, 0, 0, 0, 0, 0, 0, 0, 0, 0, 0]]"
2026-05-29T08:30:58.997026,0,North,487.0,False,False,False,"[[0, 0, 0, 0, 0, 0, 0, 0, 0, 0, 0], [0, 1, 1, 1, 1, 1, 1, 1, 1, 1, 0], [0, 1, 0, 0, 0, 2, 0, 0, 0, 1, 0], [0, 1, 0, 2, 2, 1, 5, 2, 0, 1, 0], [0, 1, 1, 1, 0, 1, 0, 1, 1, 1, 0], [0, 0, 0, 1, 0, 1, 0, 1, 0, 0, 0], [0, 1, 1, 1, 2, 1, 1, 1, 2, 2, 0], [0, 1, 0, 2, 0, 0, 0, 2, 0, 2, 0], [0, 1, 0, 2, 0, 1, 0, 2, 0, 2, 0], [0, 1, 0, 2, 0, 1, 4, 2, 0, 2, 0], [0, 2, 0, 2, 0, 1, 1, 2, 0, 2, 0], [0, 2, 0, 2, 0, 1, 0, 2, 0, 2, 0], [0, 2, 0, 2, 0, 0, 0, 2, 0, 2, 0], [0, 2, 2, 4, 2, 2, 2, 2, 2, 2, 0], [0, 0, 0, 2, 0, 2, 0, 2, 0, 0, 0], [0, 2, 2, 2, 0, 2, 0, 2, 2, 2, 0], [0, 2, 0, 2, 2, 2, 2, 2, 0, 2, 0], [0, 2, 0, 0, 0, 2, 0, 0, 0, 2, 0], [0, 3, 2, 2, 2, 2, 2, 2, 2, 2, 0], [0, 0, 0, 0, 0, 0, 0, 0, 0, 0, 0]]"
2026-05-29T08:31:00.300914,0,South,496.0,False,False,False,"[[0, 0, 0, 0, 0, 0, 0, 0, 0, 0, 0], [0, 1, 1, 1, 1, 1, 1, 1, 1, 1, 0], [0, 1, 0, 0, 0, 2, 0, 0, 0, 1, 0], [0, 1, 0, 2, 2, 1, 1, 5, 0, 1, 0], [0, 1, 1, 1, 0, 1, 0, 1, 1, 1, 0], [0, 0, 0, 1, 0, 1, 0, 1, 0, 0, 0], [0, 1, 1, 1, 2, 1, 1, 1, 2, 2, 0], [0, 1, 0, 2, 0, 0, 0, 2, 0, 2, 0], [0, 1, 0, 2, 0, 1, 0, 2, 0, 2, 0], [0, 1, 0, 2, 0, 1, 1, 4, 0, 2, 0], [0, 2, 0, 2, 0, 1, 1, 2, 0, 2, 0], [0, 2, 0, 2, 0, 1, 0, 2, 0, 2, 0], [0, 2, 0, 2, 0, 0, 0, 2, 0, 2, 0], [0, 2, 2, 4, 2, 2, 2, 2, 2, 2, 0], [0, 0, 0, 2, 0, 2, 0, 2, 0, 0, 0], [0, 2, 2, 2, 0, 2, 0, 2, 2, 2, 0], [0, 2, 0, 2, 2, 2, 2, 2, 0, 2, 0], [0, 2, 0, 0, 0, 2, 0, 0, 0, 2, 0], [0, 3, 2, 2, 2, 2, 2, 2, 2, 2, 0], [0, 0, 0, 0, 0, 0, 0, 0, 0, 0, 0]]"
2026-05-29T08:31:01.076847,0,South,495.0,False,False,False,"[[0, 0, 0, 0, 0, 0, 0, 0, 0, 0, 0], [0, 1, 1, 1, 1, 1, 1, 1, 1, 1, 0], [0, 1, 0, 0, 0, 2, 0, 0, 0, 1, 0], [0, 1, 0, 2, 2, 1, 5, 1, 0, 1, 0], [0, 1, 1, 1, 0, 1, 0, 1, 1, 1, 0], [0, 0, 0, 1, 0, 1, 0, 1, 0, 0, 0], [0, 1, 1, 1, 2, 1, 1, 1, 2, 2, 0], [0, 1, 0, 2, 0, 0, 0, 2, 0, 2, 0], [0, 1, 0, 2, 0, 1, 0, 4, 0, 2, 0], [0, 1, 0, 2, 0, 1, 1, 2, 0, 2, 0], [0, 2, 0, 2, 0, 1, 1, 2, 0, 2, 0], [0, 2, 0, 2, 0, 1, 0, 2, 0, 2, 0], [0, 2, 0, 2, 0, 0, 0, 2, 0, 2, 0], [0, 2, 2, 2, 2, 2, 2, 2, 2, 2, 0], [0, 0, 0, 4, 0, 2, 0, 2, 0, 0, 0], [0, 2, 2, 2, 0, 2, 0, 2, 2, 2, 0], [0, 2, 0, 2, 2, 2, 2, 2, 0, 2, 0], [0, 2, 0, 0, 0, 2, 0, 0, 0, 2, 0], [0, 3, 2, 2, 2, 2, 2, 2, 2, 2, 0], [0, 0, 0, 0, 0, 0, 0, 0, 0, 0, 0]]"
2026-05-29T08:31:03.898602,0,West,494.0,False,False,False,"[[0, 0, 0, 0, 0, 0, 0, 0, 0, 0, 0], [0, 1, 1, 1, 1, 1, 1, 1, 1, 1, 0], [0, 1, 0, 0, 0, 2, 0, 0, 0, 1, 0], [0, 1, 0, 2, 2, 5, 1, 1, 0, 1, 0], [0, 1, 1, 1, 0, 1, 0, 1, 1, 1, 0], [0, 0, 0, 1, 0, 1, 0, 1, 0, 0, 0], [0, 1, 1, 1, 2, 1, 1, 1, 2, 2, 0], [0, 1, 0, 2, 0, 0, 0, 4, 0, 2, 0], [0, 1, 0, 2, 0, 1, 0, 2, 0, 2, 0], [0, 1, 0, 2, 0, 1, 1, 2, 0, 2, 0], [0, 2, 0, 2, 0, 1, 1, 2, 0, 2, 0], [0, 2, 0, 2, 0, 1, 0, 2, 0, 2, 0], [0, 2, 0, 2, 0, 0, 0, 2, 0, 2, 0], [0, 2, 2, 2, 2, 2, 2, 2, 2, 2, 0], [0, 0, 0, 4, 0, 2, 0, 2, 0, 0, 0], [0, 2, 2, 2, 0, 2, 0, 2, 2, 2, 0], [0, 2, 0, 2, 2, 2, 2, 2, 0, 2, 0], [0, 2, 0, 0, 0, 2, 0, 0, 0, 2, 0], [0, 3, 2, 2, 2, 2, 2, 2, 2, 2, 0], [0, 0, 0, 0, 0, 0, 0, 0, 0, 0, 0]]"
2026-05-29T08:31:06.388384,0,East,503.0,False,False,False,"[[0, 0, 0, 0, 0, 0, 0, 0, 0, 0, 0], [0, 1, 1, 1, 1, 1, 1, 1, 1, 1, 0], [0, 1, 0, 0, 0, 5, 0, 0, 0, 1, 0], [0, 1, 0, 2, 2, 1, 1, 1, 0, 1, 0], [0, 1, 1, 1, 0, 1, 0, 1, 1, 1, 0], [0, 0, 0, 1, 0, 1, 0, 1, 0, 0, 0], [0, 1, 1, 1, 2, 1, 1, 4, 2, 2, 0], [0, 1, 0, 2, 0, 0, 0, 2, 0, 2, 0], [0, 1, 0, 2, 0, 1, 0, 2, 0, 2, 0], [0, 1, 0, 2, 0, 1, 1, 2, 0, 2, 0], [0, 2, 0, 2, 0, 1, 1, 2, 0, 2, 0], [0, 2, 0, 2, 0, 1, 0, 2, 0, 2, 0], [0, 2, 0, 2, 0, 0, 0, 2, 0, 2, 0], [0, 2, 2, 2, 2, 2, 2, 2, 2, 2, 0], [0, 0, 0, 2, 0, 2, 0, 2, 0, 0, 0], [0, 2, 2, 4, 0, 2, 0, 2, 2, 2, 0], [0, 2, 0, 2, 2, 2, 2, 2, 0, 2, 0], [0, 2, 0, 0, 0, 2, 0, 0, 0, 2, 0], [0, 3, 2, 2, 2, 2, 2, 2, 2, 2, 0], [0, 0, 0, 0, 0, 0, 0, 0, 0, 0, 0]]"
2026-05-29T08:31:07.165330,0,South,502.0,False,False,False,"[[0, 0, 0, 0, 0, 0, 0, 0, 0, 0, 0], [0, 1, 1, 1, 1, 1, 1, 1, 1, 1, 0], [0, 1, 0, 0, 0, 1, 0, 0, 0, 1, 0], [0, 1, 0, 2, 2, 5, 1, 1, 0, 1, 0], [0, 1, 1, 1, 0, 1, 0, 1, 1, 1, 0], [0, 0, 0, 1, 0, 1, 0, 4, 0, 0, 0], [0, 1, 1, 1, 2, 1, 1, 1, 2, 2, 0], [0, 1, 0, 2, 0, 0, 0, 2, 0, 2, 0], [0, 1, 0, 2, 0, 1, 0, 2, 0, 2, 0], [0, 1, 0, 2, 0, 1, 1, 2, 0, 2, 0], [0, 2, 0, 2, 0, 1, 1, 2, 0, 2, 0], [0, 2, 0, 2, 0, 1, 0, 2, 0, 2, 0], [0, 2, 0, 2, 0, 0, 0, 2, 0, 2, 0], [0, 2, 2, 2, 2, 2, 2, 2, 2, 2, 0], [0, 0, 0, 2, 0, 2, 0, 2, 0, 0, 0], [0, 2, 2, 4, 0, 2, 0, 2, 2, 2, 0], [0, 2, 0, 2, 2, 2, 2, 2, 0, 2, 0], [0, 2, 0, 0, 0, 2, 0, 0, 0, 2, 0], [0, 3, 2, 2, 2, 2, 2, 2, 2, 2, 0], [0, 0, 0, 0, 0, 0, 0, 0, 0, 0, 0]]"
2026-05-29T08:31:07.816265,0,South,511.0,False,False,False,"[[0, 0, 0, 0, 0, 0, 0, 0, 0, 0, 0], [0, 1, 1, 1, 1, 1, 1, 1, 1, 1, 0], [0, 1, 0, 0, 0, 1, 0, 0, 0, 1, 0], [0, 1, 0, 2, 5, 1, 1, 1, 0, 1, 0], [0, 1, 1, 1, 0, 1, 0, 4, 1, 1, 0], [0, 0, 0, 1, 0, 1, 0, 1, 0, 0, 0], [0, 1, 1, 1, 2, 1, 1, 1, 2, 2, 0], [0, 1, 0, 2, 0, 0, 0, 2, 0, 2, 0], [0, 1, 0, 2, 0, 1, 0, 2, 0, 2, 0], [0, 1, 0, 2, 0, 1, 1, 2, 0, 2, 0], [0, 2, 0, 2, 0, 1, 1, 2, 0, 2, 0], [0, 2, 0, 2, 0, 1, 0, 2, 0, 2, 0], [0, 2, 0, 2, 0, 0, 0, 2, 0, 2, 0], [0, 2, 2, 2, 2, 2, 2, 2, 2, 2, 0], [0, 0, 0, 2, 0, 2, 0, 2, 0, 0, 0], [0, 2, 2, 2, 0, 2, 0, 2, 2, 2, 0], [0, 2, 0, 4, 2, 2, 2, 2, 0, 2, 0], [0, 2, 0, 0, 0, 2, 0, 0, 0, 2, 0], [0, 3, 2, 2, 2, 2, 2, 2, 2, 2, 0], [0, 0, 0, 0, 0, 0, 0, 0, 0, 0, 0]]"
2026-05-29T08:31:09.019160,0,East,520.0,False,False,False,"[[0, 0, 0, 0, 0, 0, 0, 0, 0, 0, 0], [0, 1, 1, 1, 1, 1, 1, 1, 1, 1, 0], [0, 1, 0, 0, 0, 1, 0, 0, 0, 1, 0], [0, 1, 0, 5, 1, 1, 1, 4, 0, 1, 0], [0, 1, 1, 1, 0, 1, 0, 1, 1, 1, 0], [0, 0, 0, 1, 0, 1, 0, 1, 0, 0, 0], [0, 1, 1, 1, 2, 1, 1, 1, 2, 2, 0], [0, 1, 0, 2, 0, 0, 0, 2, 0, 2, 0], [0, 1, 0, 2, 0, 1, 0, 2, 0, 2, 0], [0, 1, 0, 2, 0, 1, 1, 2, 0, 2, 0], [0, 2, 0, 2, 0, 1, 1, 2, 0, 2, 0], [0, 2, 0, 2, 0, 1, 0, 2, 0, 2, 0], [0, 2, 0, 2, 0, 0, 0, 2, 0, 2, 0], [0, 2, 2, 2, 2, 2, 2, 2, 2, 2, 0], [0, 0, 0, 2, 0, 2, 0, 2, 0, 0, 0], [0, 2, 2, 2, 0, 2, 0, 2, 2, 2, 0], [0, 2, 0, 4, 2, 2, 2, 2, 0, 2, 0], [0, 2, 0, 0, 0, 2, 0, 0, 0, 2, 0], [0, 3, 2, 2, 2, 2, 2, 2, 2, 2, 0], [0, 0, 0, 0, 0, 0, 0, 0, 0, 0, 0]]"
2026-05-29T08:31:12.141734,0,East,519.0,False,False,False,"[[0, 0, 0, 0, 0, 0, 0, 0, 0, 0, 0], [0, 1, 1, 1, 1, 1, 1, 1, 1, 1, 0], [0, 1, 0, 0, 0, 1, 0, 0, 0, 1, 0], [0, 1, 0, 1, 1, 1, 4, 1, 0, 1, 0], [0, 1, 1, 5, 0, 1, 0, 1, 1, 1, 0], [0, 0, 0, 1, 0, 1, 0, 1, 0, 0, 0], [0, 1, 1, 1, 2, 1, 1, 1, 2, 2, 0], [0, 1, 0, 2, 0, 0, 0, 2, 0, 2, 0], [0, 1, 0, 2, 0, 1, 0, 2, 0, 2, 0], [0, 1, 0, 2, 0, 1, 1, 2, 0, 2, 0], [0, 2, 0, 2, 0, 1, 1, 2, 0, 2, 0], [0, 2, 0, 2, 0, 1, 0, 2, 0, 2, 0], [0, 2, 0, 2, 0, 0, 0, 2, 0, 2, 0], [0, 2, 2, 2, 2, 2, 2, 2, 2, 2, 0], [0, 0, 0, 2, 0, 2, 0, 2, 0, 0, 0], [0, 2, 2, 2, 0, 2, 0, 2, 2, 2, 0], [0, 2, 0, 2, 4, 2, 2, 2, 0, 2, 0], [0, 2, 0, 0, 0, 2, 0, 0, 0, 2, 0], [0, 3, 2, 2, 2, 2, 2, 2, 2, 2, 0], [0, 0, 0, 0, 0, 0, 0, 0, 0, 0, 0]]"
2026-05-29T08:31:15.985399,0,East,518.0,False,False,False,"[[0, 0, 0, 0, 0, 0, 0, 0, 0, 0, 0], [0, 1, 1, 1, 1, 1, 1, 1, 1, 1, 0], [0, 1, 0, 0, 0, 1, 0, 0, 0, 1, 0], [0, 1, 0, 1, 1, 4, 1, 1, 0, 1, 0], [0, 1, 1, 1, 0, 1, 0, 1, 1, 1, 0], [0, 0, 0, 5, 0, 1, 0, 1, 0, 0, 0], [0, 1, 1, 1, 2, 1, 1, 1, 2, 2, 0], [0, 1, 0, 2, 0, 0, 0, 2, 0, 2, 0], [0, 1, 0, 2, 0, 1, 0, 2, 0, 2, 0], [0, 1, 0, 2, 0, 1, 1, 2, 0, 2, 0], [0, 2, 0, 2, 0, 1, 1, 2, 0, 2, 0], [0, 2, 0, 2, 0, 1, 0, 2, 0, 2, 0], [0, 2, 0, 2, 0, 0, 0, 2, 0, 2, 0], [0, 2, 2, 2, 2, 2, 2, 2, 2, 2, 0], [0, 0, 0, 2, 0, 2, 0, 2, 0, 0, 0], [0, 2, 2, 2, 0, 2, 0, 2, 2, 2, 0], [0, 2, 0, 2, 4, 2, 2, 2, 0, 2, 0], [0, 2, 0, 0, 0, 2, 0, 0, 0, 2, 0], [0, 3, 2, 2, 2, 2, 2, 2, 2, 2, 0], [0, 0, 0, 0, 0, 0, 0, 0, 0, 0, 0]]"
2026-05-29T08:31:17.537290,0,East,517.0,False,False,False,"[[0, 0, 0, 0, 0, 0, 0, 0, 0, 0, 0], [0, 1, 1, 1, 1, 1, 1, 1, 1, 1, 0], [0, 1, 0, 0, 0, 1, 0, 0, 0, 1, 0], [0, 1, 0, 1, 4, 1, 1, 1, 0, 1, 0], [0, 1, 1, 1, 0, 1, 0, 1, 1, 1, 0], [0, 0, 0, 1, 0, 1, 0, 1, 0, 0, 0], [0, 1, 1, 5, 2, 1, 1, 1, 2, 2, 0], [0, 1, 0, 2, 0, 0, 0, 2, 0, 2, 0], [0, 1, 0, 2, 0, 1, 0, 2, 0, 2, 0], [0, 1, 0, 2, 0, 1, 1, 2, 0, 2, 0], [0, 2, 0, 2, 0, 1, 1, 2, 0, 2, 0], [0, 2, 0, 2, 0, 1, 0, 2, 0, 2, 0], [0, 2, 0, 2, 0, 0, 0, 2, 0, 2, 0], [0, 2, 2, 2, 2, 2, 2, 2, 2, 2, 0], [0, 0, 0, 2, 0, 2, 0, 2, 0, 0, 0], [0, 2, 2, 2, 0, 2, 0, 2, 2, 2, 0], [0, 2, 0, 2, 2, 4, 2, 2, 0, 2, 0], [0, 2, 0, 0, 0, 2, 0, 0, 0, 2, 0], [0, 3, 2, 2, 2, 2, 2, 2, 2, 2, 0], [0, 0, 0, 0, 0, 0, 0, 0, 0, 0, 0]]"
2026-05-29T08:31:17.979256,0,East,526.0,False,False,False,"[[0, 0, 0, 0, 0, 0, 0, 0, 0, 0, 0], [0, 1, 1, 1, 1, 1, 1, 1, 1, 1, 0], [0, 1, 0, 0, 0, 1, 0, 0, 0, 1, 0], [0, 1, 0, 4, 1, 1, 1, 1, 0, 1, 0], [0, 1, 1, 1, 0, 1, 0, 1, 1, 1, 0], [0, 0, 0, 1, 0, 1, 0, 1, 0, 0, 0], [0, 1, 1, 1, 2, 1, 1, 1, 2, 2, 0], [0, 1, 0, 5, 0, 0, 0, 2, 0, 2, 0], [0, 1, 0, 2, 0, 1, 0, 2, 0, 2, 0], [0, 1, 0, 2, 0, 1, 1, 2, 0, 2, 0], [0, 2, 0, 2, 0, 1, 1, 2, 0, 2, 0], [0, 2, 0, 2, 0, 1, 0, 2, 0, 2, 0], [0, 2, 0, 2, 0, 0, 0, 2, 0, 2, 0], [0, 2, 2, 2, 2, 2, 2, 2, 2, 2, 0], [0, 0, 0, 2, 0, 2, 0, 2, 0, 0, 0], [0, 2, 2, 2, 0, 2, 0, 2, 2, 2, 0], [0, 2, 0, 2, 2, 4, 2, 2, 0, 2, 0], [0, 2, 0, 0, 0, 2, 0, 0, 0, 2, 0], [0, 3, 2, 2, 2, 2, 2, 2, 2, 2, 0], [0, 0, 0, 0, 0, 0, 0, 0, 0, 0, 0]]"
2026-05-29T08:31:18.702164,0,East,535.0,False,False,False,"[[0, 0, 0, 0, 0, 0, 0, 0, 0, 0, 0], [0, 1, 1, 1, 1, 1, 1, 1, 1, 1, 0], [0, 1, 0, 0, 0, 1, 0, 0, 0, 1, 0], [0, 1, 0, 1, 1, 1, 1, 1, 0, 1, 0], [0, 1, 1, 4, 0, 1, 0, 1, 1, 1, 0], [0, 0, 0, 1, 0, 1, 0, 1, 0, 0, 0], [0, 1, 1, 1, 2, 1, 1, 1, 2, 2, 0], [0, 1, 0, 1, 0, 0, 0, 2, 0, 2, 0], [0, 1, 0, 5, 0, 1, 0, 2, 0, 2, 0], [0, 1, 0, 2, 0, 1, 1, 2, 0, 2, 0], [0, 2, 0, 2, 0, 1, 1, 2, 0, 2, 0], [0, 2, 0, 2, 0, 1, 0, 2, 0, 2, 0], [0, 2, 0, 2, 0, 0, 0, 2, 0, 2, 0], [0, 2, 2, 2, 2, 2, 2, 2, 2, 2, 0], [0, 0, 0, 2, 0, 2, 0, 2, 0, 0, 0], [0, 2, 2, 2, 0, 2, 0, 2, 2, 2, 0], [0, 2, 0, 2, 2, 2, 4, 2, 0, 2, 0], [0, 2, 0, 0, 0, 2, 0, 0, 0, 2, 0], [0, 3, 2, 2, 2, 2, 2, 2, 2, 2, 0], [0, 0, 0, 0, 0, 0, 0, 0, 0, 0, 0]]"
2026-05-29T08:31:19.574092,0,East,544.0,False,False,False,"[[0, 0, 0, 0, 0, 0, 0, 0, 0, 0, 0], [0, 1, 1, 1, 1, 1, 1, 1, 1, 1, 0], [0, 1, 0, 0, 0, 1, 0, 0, 0, 1, 0], [0, 1, 0, 1, 1, 1, 1, 1, 0, 1, 0], [0, 1, 1, 1, 0, 1, 0, 1, 1, 1, 0], [0, 0, 0, 4, 0, 1, 0, 1, 0, 0, 0], [0, 1, 1, 1, 2, 1, 1, 1, 2, 2, 0], [0, 1, 0, 1, 0, 0, 0, 2, 0, 2, 0], [0, 1, 0, 1, 0, 1, 0, 2, 0, 2, 0], [0, 1, 0, 5, 0, 1, 1, 2, 0, 2, 0], [0, 2, 0, 2, 0, 1, 1, 2, 0, 2, 0], [0, 2, 0, 2, 0, 1, 0, 2, 0, 2, 0], [0, 2, 0, 2, 0, 0, 0, 2, 0, 2, 0], [0, 2, 2, 2, 2, 2, 2, 2, 2, 2, 0], [0, 0, 0, 2, 0, 2, 0, 2, 0, 0, 0], [0, 2, 2, 2, 0, 2, 0, 2, 2, 2, 0], [0, 2, 0, 2, 2, 2, 4, 2, 0, 2, 0], [0, 2, 0, 0, 0, 2, 0, 0, 0, 2, 0], [0, 3, 2, 2, 2, 2, 2, 2, 2, 2, 0], [0, 0, 0, 0, 0, 0, 0, 0, 0, 0, 0]]"
2026-05-29T08:31:20.795983,0,East,553.0,False,False,False,"[[0, 0, 0, 0, 0, 0, 0, 0, 0, 0, 0], [0, 1, 1, 1, 1, 1, 1, 1, 1, 1, 0], [0, 1, 0, 0, 0, 1, 0, 0, 0, 1, 0], [0, 1, 0, 1, 1, 1, 1, 1, 0, 1, 0], [0, 1, 1, 1, 0, 1, 0, 1, 1, 1, 0], [0, 0, 0, 1, 0, 1, 0, 1, 0, 0, 0], [0, 1, 1, 4, 2, 1, 1, 1, 2, 2, 0], [0, 1, 0, 1, 0, 0, 0, 2, 0, 2, 0], [0, 1, 0, 1, 0, 1, 0, 2, 0, 2, 0], [0, 1, 0, 1, 0, 1, 1, 2, 0, 2, 0], [0, 2, 0, 5, 0, 1, 1, 2, 0, 2, 0], [0, 2, 0, 2, 0, 1, 0, 2, 0, 2, 0], [0, 2, 0, 2, 0, 0, 0, 2, 0, 2, 0], [0, 2, 2, 2, 2, 2, 2, 2, 2, 2, 0], [0, 0, 0, 2, 0, 2, 0, 2, 0, 0, 0], [0, 2, 2, 2, 0, 2, 0, 2, 2, 2, 0], [0, 2, 0, 2, 2, 2, 2, 4, 0, 2, 0], [0, 2, 0, 0, 0, 2, 0, 0, 0, 2, 0], [0, 3, 2, 2, 2, 2, 2, 2, 2, 2, 0], [0, 0, 0, 0, 0, 0, 0, 0, 0, 0, 0]]"
2026-05-29T08:31:21.063959,0,East,562.0,False,False,False,"[[0, 0, 0, 0, 0, 0, 0, 0, 0, 0, 0], [0, 1, 1, 1, 1, 1, 1, 1, 1, 1, 0], [0, 1, 0, 0, 0, 1, 0, 0, 0, 1, 0], [0, 1, 0, 1, 1, 1, 1, 1, 0, 1, 0], [0, 1, 1, 1, 0, 1, 0, 1, 1, 1, 0], [0, 0, 0, 1, 0, 1, 0, 1, 0, 0, 0], [0, 1, 1, 1, 2, 1, 1, 1, 2, 2, 0], [0, 1, 0, 4, 0, 0, 0, 2, 0, 2, 0], [0, 1, 0, 1, 0, 1, 0, 2, 0, 2, 0], [0, 1, 0, 1, 0, 1, 1, 2, 0, 2, 0], [0, 2, 0, 1, 0, 1, 1, 2, 0, 2, 0], [0, 2, 0, 5, 0, 1, 0, 2, 0, 2, 0], [0, 2, 0, 2, 0, 0, 0, 2, 0, 2, 0], [0, 2, 2, 2, 2, 2, 2, 2, 2, 2, 0], [0, 0, 0, 2, 0, 2, 0, 2, 0, 0, 0], [0, 2, 2, 2, 0, 2, 0, 4, 2, 2, 0], [0, 2, 0, 2, 2, 2, 2, 2, 0, 2, 0], [0, 2, 0, 0, 0, 2, 0, 0, 0, 2, 0], [0, 3, 2, 2, 2, 2, 2, 2, 2, 2, 0], [0, 0, 0, 0, 0, 0, 0, 0, 0, 0, 0]]"
2026-05-29T08:31:21.583912,0,East,571.0,False,False,False,"[[0, 0, 0, 0, 0, 0, 0, 0, 0, 0, 0], [0, 1, 1, 1, 1, 1, 1, 1, 1, 1, 0], [0, 1, 0, 0, 0, 1, 0, 0, 0, 1, 0], [0, 1, 0, 1, 1, 1, 1, 1, 0, 1, 0], [0, 1, 1, 1, 0, 1, 0, 1, 1, 1, 0], [0, 0, 0, 1, 0, 1, 0, 1, 0, 0, 0], [0, 1, 1, 1, 2, 1, 1, 1, 2, 2, 0], [0, 1, 0, 1, 0, 0, 0, 2, 0, 2, 0], [0, 1, 0, 4, 0, 1, 0, 2, 0, 2, 0], [0, 1, 0, 1, 0, 1, 1, 2, 0, 2, 0], [0, 2, 0, 1, 0, 1, 1, 2, 0, 2, 0], [0, 2, 0, 1, 0, 1, 0, 2, 0, 2, 0], [0, 2, 0, 5, 0, 0, 0, 2, 0, 2, 0], [0, 2, 2, 2, 2, 2, 2, 2, 2, 2, 0], [0, 0, 0, 2, 0, 2, 0, 2, 0, 0, 0], [0, 2, 2, 2, 0, 2, 0, 4, 2, 2, 0], [0, 2, 0, 2, 2, 2, 2, 2, 0, 2, 0], [0, 2, 0, 0, 0, 2, 0, 0, 0, 2, 0], [0, 3, 2, 2, 2, 2, 2, 2, 2, 2, 0], [0, 0, 0, 0, 0, 0, 0, 0, 0, 0, 0]]"
2026-05-29T08:31:22.007876,0,East,580.0,False,False,False,"[[0, 0, 0, 0, 0, 0, 0, 0, 0, 0, 0], [0, 1, 1, 1, 1, 1, 1, 1, 1, 1, 0], [0, 1, 0, 0, 0, 1, 0, 0, 0, 1, 0], [0, 1, 0, 1, 1, 1, 1, 1, 0, 1, 0], [0, 1, 1, 1, 0, 1, 0, 1, 1, 1, 0], [0, 0, 0, 1, 0, 1, 0, 1, 0, 0, 0], [0, 1, 1, 1, 2, 1, 1, 1, 2, 2, 0], [0, 1, 0, 1, 0, 0, 0, 2, 0, 2, 0], [0, 1, 0, 1, 0, 1, 0, 2, 0, 2, 0], [0, 1, 0, 4, 0, 1, 1, 2, 0, 2, 0], [0, 2, 0, 1, 0, 1, 1, 2, 0, 2, 0], [0, 2, 0, 1, 0, 1, 0, 2, 0, 2, 0], [0, 2, 0, 1, 0, 0, 0, 2, 0, 2, 0], [0, 2, 2, 5, 2, 2, 2, 2, 2, 2, 0], [0, 0, 0, 2, 0, 2, 0, 2, 0, 0, 0], [0, 2, 2, 2, 0, 2, 0, 4, 2, 2, 0], [0, 2, 0, 2, 2, 2, 2, 2, 0, 2, 0], [0, 2, 0, 0, 0, 2, 0, 0, 0, 2, 0], [0, 3, 2, 2, 2, 2, 2, 2, 2, 2, 0], [0, 0, 0, 0, 0, 0, 0, 0, 0, 0, 0]]"
2026-05-29T08:31:22.315877,0,East,589.0,False,False,False,"[[0, 0, 0, 0, 0, 0, 0, 0, 0, 0, 0], [0, 1, 1, 1, 1, 1, 1, 1, 1, 1, 0], [0, 1, 0, 0, 0, 1, 0, 0, 0, 1, 0], [0, 1, 0, 1, 1, 1, 1, 1, 0, 1, 0], [0, 1, 1, 1, 0, 1, 0, 1, 1, 1, 0], [0, 0, 0, 1, 0, 1, 0, 1, 0, 0, 0], [0, 1, 1, 1, 2, 1, 1, 1, 2, 2, 0], [0, 1, 0, 1, 0, 0, 0, 2, 0, 2, 0], [0, 1, 0, 1, 0, 1, 0, 2, 0, 2, 0], [0, 1, 0, 1, 0, 1, 1, 2, 0, 2, 0], [0, 2, 0, 4, 0, 1, 1, 2, 0, 2, 0], [0, 2, 0, 1, 0, 1, 0, 2, 0, 2, 0], [0, 2, 0, 1, 0, 0, 0, 2, 0, 2, 0], [0, 2, 2, 1, 2, 2, 2, 2, 2, 2, 0], [0, 0, 0, 5, 0, 2, 0, 2, 0, 0, 0], [0, 2, 2, 2, 0, 2, 0, 2, 4, 2, 0], [0, 2, 0, 2, 2, 2, 2, 2, 0, 2, 0], [0, 2, 0, 0, 0, 2, 0, 0, 0, 2, 0], [0, 3, 2, 2, 2, 2, 2, 2, 2, 2, 0], [0, 0, 0, 0, 0, 0, 0, 0, 0, 0, 0]]"
2026-05-29T08:31:22.806806,0,East,598.0,False,False,False,"[[0, 0, 0, 0, 0, 0, 0, 0, 0, 0, 0], [0, 1, 1, 1, 1, 1, 1, 1, 1, 1, 0], [0, 1, 0, 0, 0, 1, 0, 0, 0, 1, 0], [0, 1, 0, 1, 1, 1, 1, 1, 0, 1, 0], [0, 1, 1, 1, 0, 1, 0, 1, 1, 1, 0], [0, 0, 0, 1, 0, 1, 0, 1, 0, 0, 0], [0, 1, 1, 1, 2, 1, 1, 1, 2, 2, 0], [0, 1, 0, 1, 0, 0, 0, 2, 0, 2, 0], [0, 1, 0, 1, 0, 1, 0, 2, 0, 2, 0], [0, 1, 0, 1, 0, 1, 1, 2, 0, 2, 0], [0, 2, 0, 1, 0, 1, 1, 2, 0, 2, 0], [0, 2, 0, 4, 0, 1, 0, 2, 0, 2, 0], [0, 2, 0, 1, 0, 0, 0, 2, 0, 2, 0], [0, 2, 2, 1, 2, 2, 2, 2, 2, 2, 0], [0, 0, 0, 1, 0, 2, 0, 2, 0, 0, 0], [0, 2, 2, 5, 0, 2, 0, 2, 4, 2, 0], [0, 2, 0, 2, 2, 2, 2, 2, 0, 2, 0], [0, 2, 0, 0, 0, 2, 0, 0, 0, 2, 0], [0, 3, 2, 2, 2, 2, 2, 2, 2, 2, 0], [0, 0, 0, 0, 0, 0, 0, 0, 0, 0, 0]]"
2026-05-29T08:31:23.419818,0,North,607.0,False,False,False,"[[0, 0, 0, 0, 0, 0, 0, 0, 0, 0, 0], [0, 1, 1, 1, 1, 1, 1, 1, 1, 1, 0], [0, 1, 0, 0, 0, 1, 0, 0, 0, 1, 0], [0, 1, 0, 1, 1, 1, 1, 1, 0, 1, 0], [0, 1, 1, 1, 0, 1, 0, 1, 1, 1, 0], [0, 0, 0, 1, 0, 1, 0, 1, 0, 0, 0], [0, 1, 1, 1, 2, 1, 1, 1, 2, 2, 0], [0, 1, 0, 1, 0, 0, 0, 2, 0, 2, 0], [0, 1, 0, 1, 0, 1, 0, 2, 0, 2, 0], [0, 1, 0, 1, 0, 1, 1, 2, 0, 2, 0], [0, 2, 0, 1, 0, 1, 1, 2, 0, 2, 0], [0, 2, 0, 1, 0, 1, 0, 2, 0, 2, 0], [0, 2, 0, 4, 0, 0, 0, 2, 0, 2, 0], [0, 2, 2, 1, 2, 2, 2, 2, 2, 2, 0], [0, 0, 0, 1, 0, 2, 0, 2, 0, 0, 0], [0, 2, 2, 1, 0, 2, 0, 2, 2, 4, 0], [0, 2, 0, 5, 2, 2, 2, 2, 0, 2, 0], [0, 2, 0, 0, 0, 2, 0, 0, 0, 2, 0], [0, 3, 2, 2, 2, 2, 2, 2, 2, 2, 0], [0, 0, 0, 0, 0, 0, 0, 0, 0, 0, 0]]"
2026-05-29T08:31:24.163800,0,North,616.0,False,False,False,"[[0, 0, 0, 0, 0, 0, 0, 0, 0, 0, 0], [0, 1, 1, 1, 1, 1, 1, 1, 1, 1, 0], [0, 1, 0, 0, 0, 1, 0, 0, 0, 1, 0], [0, 1, 0, 1, 1, 1, 1, 1, 0, 1, 0], [0, 1, 1, 1, 0, 1, 0, 1, 1, 1, 0], [0, 0, 0, 1, 0, 1, 0, 1, 0, 0, 0], [0, 1, 1, 1, 2, 1, 1, 1, 2, 2, 0], [0, 1, 0, 1, 0, 0, 0, 2, 0, 2, 0], [0, 1, 0, 1, 0, 1, 0, 2, 0, 2, 0], [0, 1, 0, 1, 0, 1, 1, 2, 0, 2, 0], [0, 2, 0, 1, 0, 1, 1, 2, 0, 2, 0], [0, 2, 0, 1, 0, 1, 0, 2, 0, 2, 0], [0, 2, 0, 1, 0, 0, 0, 2, 0, 2, 0], [0, 2, 2, 4, 2, 2, 2, 2, 2, 2, 0], [0, 0, 0, 1, 0, 2, 0, 2, 0, 0, 0], [0, 2, 2, 1, 0, 2, 0, 2, 2, 4, 0], [0, 2, 0, 1, 5, 2, 2, 2, 0, 2, 0], [0, 2, 0, 0, 0, 2, 0, 0, 0, 2, 0], [0, 3, 2, 2, 2, 2, 2, 2, 2, 2, 0], [0, 0, 0, 0, 0, 0, 0, 0, 0, 0, 0]]"
2026-05-29T08:31:24.646683,0,West,625.0,False,False,False,"[[0, 0, 0, 0, 0, 0, 0, 0, 0, 0, 0], [0, 1, 1, 1, 1, 1, 1, 1, 1, 1, 0], [0, 1, 0, 0, 0, 1, 0, 0, 0, 1, 0], [0, 1, 0, 1, 1, 1, 1, 1, 0, 1, 0], [0, 1, 1, 1, 0, 1, 0, 1, 1, 1, 0], [0, 0, 0, 1, 0, 1, 0, 1, 0, 0, 0], [0, 1, 1, 1, 2, 1, 1, 1, 2, 2, 0], [0, 1, 0, 1, 0, 0, 0, 2, 0, 2, 0], [0, 1, 0, 1, 0, 1, 0, 2, 0, 2, 0], [0, 1, 0, 1, 0, 1, 1, 2, 0, 2, 0], [0, 2, 0, 1, 0, 1, 1, 2, 0, 2, 0], [0, 2, 0, 1, 0, 1, 0, 2, 0, 2, 0], [0, 2, 0, 1, 0, 0, 0, 2, 0, 2, 0], [0, 2, 2, 1, 2, 2, 2, 2, 2, 2, 0], [0, 0, 0, 4, 0, 2, 0, 2, 0, 0, 0], [0, 2, 2, 1, 0, 2, 0, 2, 2, 2, 0], [0, 2, 0, 1, 1, 5, 2, 2, 0, 4, 0], [0, 2, 0, 0, 0, 2, 0, 0, 0, 2, 0], [0, 3, 2, 2, 2, 2, 2, 2, 2, 2, 0], [0, 0, 0, 0, 0, 0, 0, 0, 0, 0, 0]]"
2026-05-29T08:31:25.042646,0,West,634.0,False,False,False,"[[0, 0, 0, 0, 0, 0, 0, 0, 0, 0, 0], [0, 1, 1, 1, 1, 1, 1, 1, 1, 1, 0], [0, 1, 0, 0, 0, 1, 0, 0, 0, 1, 0], [0, 1, 0, 1, 1, 1, 1, 1, 0, 1, 0], [0, 1, 1, 1, 0, 1, 0, 1, 1, 1, 0], [0, 0, 0, 1, 0, 1, 0, 1, 0, 0, 0], [0, 1, 1, 1, 2, 1, 1, 1, 2, 2, 0], [0, 1, 0, 1, 0, 0, 0, 2, 0, 2, 0], [0, 1, 0, 1, 0, 1, 0, 2, 0, 2, 0], [0, 1, 0, 1, 0, 1, 1, 2, 0, 2, 0], [0, 2, 0, 1, 0, 1, 1, 2, 0, 2, 0], [0, 2, 0, 1, 0, 1, 0, 2, 0, 2, 0], [0, 2, 0, 1, 0, 0, 0, 2, 0, 2, 0], [0, 2, 2, 1, 2, 2, 2, 2, 2, 2, 0], [0, 0, 0, 1, 0, 2, 0, 2, 0, 0, 0], [0, 2, 2, 4, 0, 5, 0, 2, 2, 2, 0], [0, 2, 0, 1, 1, 1, 2, 2, 0, 4, 0], [0, 2, 0, 0, 0, 2, 0, 0, 0, 2, 0], [0, 3, 2, 2, 2, 2, 2, 2, 2, 2, 0], [0, 0, 0, 0, 0, 0, 0, 0, 0, 0, 0]]"
2026-05-29T08:31:25.360623,0,West,643.0,False,False,False,"[[0, 0, 0, 0, 0, 0, 0, 0, 0, 0, 0], [0, 1, 1, 1, 1, 1, 1, 1, 1, 1, 0], [0, 1, 0, 0, 0, 1, 0, 0, 0, 1, 0], [0, 1, 0, 1, 1, 1, 1, 1, 0, 1, 0], [0, 1, 1, 1, 0, 1, 0, 1, 1, 1, 0], [0, 0, 0, 1, 0, 1, 0, 1, 0, 0, 0], [0, 1, 1, 1, 2, 1, 1, 1, 2, 2, 0], [0, 1, 0, 1, 0, 0, 0, 2, 0, 2, 0], [0, 1, 0, 1, 0, 1, 0, 2, 0, 2, 0], [0, 1, 0, 1, 0, 1, 1, 2, 0, 2, 0], [0, 2, 0, 1, 0, 1, 1, 2, 0, 2, 0], [0, 2, 0, 1, 0, 1, 0, 2, 0, 2, 0], [0, 2, 0, 1, 0, 0, 0, 2, 0, 2, 0], [0, 2, 2, 1, 2, 2, 2, 2, 2, 2, 0], [0, 0, 0, 1, 0, 5, 0, 2, 0, 0, 0], [0, 2, 2, 1, 0, 1, 0, 2, 2, 2, 0], [0, 2, 0, 4, 1, 1, 2, 2, 0, 2, 0], [0, 2, 0, 0, 0, 2, 0, 0, 0, 4, 0], [0, 3, 2, 2, 2, 2, 2, 2, 2, 2, 0], [0, 0, 0, 0, 0, 0, 0, 0, 0, 0, 0]]"
2026-05-29T08:31:26.230553,0,North,652.0,False,False,False,"[[0, 0, 0, 0, 0, 0, 0, 0, 0, 0, 0], [0, 1, 1, 1, 1, 1, 1, 1, 1, 1, 0], [0, 1, 0, 0, 0, 1, 0, 0, 0, 1, 0], [0, 1, 0, 1, 1, 1, 1, 1, 0, 1, 0], [0, 1, 1, 1, 0, 1, 0, 1, 1, 1, 0], [0, 0, 0, 1, 0, 1, 0, 1, 0, 0, 0], [0, 1, 1, 1, 2, 1, 1, 1, 2, 2, 0], [0, 1, 0, 1, 0, 0, 0, 2, 0, 2, 0], [0, 1, 0, 1, 0, 1, 0, 2, 0, 2, 0], [0, 1, 0, 1, 0, 1, 1, 2, 0, 2, 0], [0, 2, 0, 1, 0, 1, 1, 2, 0, 2, 0], [0, 2, 0, 1, 0, 1, 0, 2, 0, 2, 0], [0, 2, 0, 1, 0, 0, 0, 2, 0, 2, 0], [0, 2, 2, 1, 2, 5, 2, 2, 2, 2, 0], [0, 0, 0, 1, 0, 1, 0, 2, 0, 0, 0], [0, 2, 2, 1, 0, 1, 0, 2, 2, 2, 0], [0, 2, 0, 1, 4, 1, 2, 2, 0, 2, 0], [0, 2, 0, 0, 0, 2, 0, 0, 0, 4, 0], [0, 3, 2, 2, 2, 2, 2, 2, 2, 2, 0], [0, 0, 0, 0, 0, 0, 0, 0, 0, 0, 0]]"
2026-05-29T08:31:27.431443,0,North,661.0,False,False,False,"[[0, 0, 0, 0, 0, 0, 0, 0, 0, 0, 0], [0, 1, 1, 1, 1, 1, 1, 1, 1, 1, 0], [0, 1, 0, 0, 0, 1, 0, 0, 0, 1, 0], [0, 1, 0, 1, 1, 1, 1, 1, 0, 1, 0], [0, 1, 1, 1, 0, 1, 0, 1, 1, 1, 0], [0, 0, 0, 1, 0, 1, 0, 1, 0, 0, 0], [0, 1, 1, 1, 2, 1, 1, 1, 2, 2, 0], [0, 1, 0, 1, 0, 0, 0, 2, 0, 2, 0], [0, 1, 0, 1, 0, 1, 0, 2, 0, 2, 0], [0, 1, 0, 1, 0, 1, 1, 2, 0, 2, 0], [0, 2, 0, 1, 0, 1, 1, 2, 0, 2, 0], [0, 2, 0, 1, 0, 1, 0, 2, 0, 2, 0], [0, 2, 0, 1, 0, 0, 0, 2, 0, 2, 0], [0, 2, 2, 1, 2, 1, 5, 2, 2, 2, 0], [0, 0, 0, 1, 0, 1, 0, 2, 0, 0, 0], [0, 2, 2, 1, 0, 1, 0, 2, 2, 2, 0], [0, 2, 0, 1, 1, 4, 2, 2, 0, 2, 0], [0, 2, 0, 0, 0, 2, 0, 0, 0, 2, 0], [0, 3, 2, 2, 2, 2, 2, 2, 2, 4, 0], [0, 0, 0, 0, 0, 0, 0, 0, 0, 0, 0]]"
2026-05-29T08:31:27.929400,0,West,670.0,False,False,False,"[[0, 0, 0, 0, 0, 0, 0, 0, 0, 0, 0], [0, 1, 1, 1, 1, 1, 1, 1, 1, 1, 0], [0, 1, 0, 0, 0, 1, 0, 0, 0, 1, 0], [0, 1, 0, 1, 1, 1, 1, 1, 0, 1, 0], [0, 1, 1, 1, 0, 1, 0, 1, 1, 1, 0], [0, 0, 0, 1, 0, 1, 0, 1, 0, 0, 0], [0, 1, 1, 1, 2, 1, 1, 1, 2, 2, 0], [0, 1, 0, 1, 0, 0, 0, 2, 0, 2, 0], [0, 1, 0, 1, 0, 1, 0, 2, 0, 2, 0], [0, 1, 0, 1, 0, 1, 1, 2, 0, 2, 0], [0, 2, 0, 1, 0, 1, 1, 2, 0, 2, 0], [0, 2, 0, 1, 0, 1, 0, 2, 0, 2, 0], [0, 2, 0, 1, 0, 0, 0, 2, 0, 2, 0], [0, 2, 2, 1, 2, 1, 1, 5, 2, 2, 0], [0, 0, 0, 1, 0, 1, 0, 2, 0, 0, 0], [0, 2, 2, 1, 0, 1, 0, 2, 2, 2, 0], [0, 2, 0, 1, 1, 1, 4, 2, 0, 2, 0], [0, 2, 0, 0, 0, 2, 0, 0, 0, 2, 0], [0, 3, 2, 2, 2, 2, 2, 2, 4, 2, 0], [0, 0, 0, 0, 0, 0, 0, 0, 0, 0, 0]]"
2026-05-29T08:31:28.201378,0,West,679.0,False,False,False,"[[0, 0, 0, 0, 0, 0, 0, 0, 0, 0, 0], [0, 1, 1, 1, 1, 1, 1, 1, 1, 1, 0], [0, 1, 0, 0, 0, 1, 0, 0, 0, 1, 0], [0, 1, 0, 1, 1, 1, 1, 1, 0, 1, 0], [0, 1, 1, 1, 0, 1, 0, 1, 1, 1, 0], [0, 0, 0, 1, 0, 1, 0, 1, 0, 0, 0], [0, 1, 1, 1, 2, 1, 1, 1, 2, 2, 0], [0, 1, 0, 1, 0, 0, 0, 2, 0, 2, 0], [0, 1, 0, 1, 0, 1, 0, 2, 0, 2, 0], [0, 1, 0, 1, 0, 1, 1, 2, 0, 2, 0], [0, 2, 0, 1, 0, 1, 1, 2, 0, 2, 0], [0, 2, 0, 1, 0, 1, 0, 2, 0, 2, 0], [0, 2, 0, 1, 0, 0, 0, 5, 0, 2, 0], [0, 2, 2, 1, 2, 1, 1, 1, 2, 2, 0], [0, 0, 0, 1, 0, 1, 0, 2, 0, 0, 0], [0, 2, 2, 1, 0, 1, 0, 2, 2, 2, 0], [0, 2, 0, 1, 1, 1, 2, 4, 0, 2, 0], [0, 2, 0, 0, 0, 2, 0, 0, 0, 2, 0], [0, 3, 2, 2, 2, 2, 2, 4, 2, 2, 0], [0, 0, 0, 0, 0, 0, 0, 0, 0, 0, 0]]"
2026-05-29T08:31:28.480353,0,West,688.0,False,False,False,"[[0, 0, 0, 0, 0, 0, 0, 0, 0, 0, 0], [0, 1, 1, 1, 1, 1, 1, 1, 1, 1, 0], [0, 1, 0, 0, 0, 1, 0, 0, 0, 1, 0], [0, 1, 0, 1, 1, 1, 1, 1, 0, 1, 0], [0, 1, 1, 1, 0, 1, 0, 1, 1, 1, 0], [0, 0, 0, 1, 0, 1, 0, 1, 0, 0, 0], [0, 1, 1, 1, 2, 1, 1, 1, 2, 2, 0], [0, 1, 0, 1, 0, 0, 0, 2, 0, 2, 0], [0, 1, 0, 1, 0, 1, 0, 2, 0, 2, 0], [0, 1, 0, 1, 0, 1, 1, 2, 0, 2, 0], [0, 2, 0, 1, 0, 1, 1, 2, 0, 2, 0], [0, 2, 0, 1, 0, 1, 0, 5, 0, 2, 0], [0, 2, 0, 1, 0, 0, 0, 1, 0, 2, 0], [0, 2, 2, 1, 2, 1, 1, 1, 2, 2, 0], [0, 0, 0, 1, 0, 1, 0, 2, 0, 0, 0], [0, 2, 2, 1, 0, 1, 0, 4, 2, 2, 0], [0, 2, 0, 1, 1, 1, 2, 2, 0, 2, 0], [0, 2, 0, 0, 0, 2, 0, 0, 0, 2, 0], [0, 3, 2, 2, 2, 2, 4, 2, 2, 2, 0], [0, 0, 0, 0, 0, 0, 0, 0, 0, 0, 0]]"
2026-05-29T08:31:29.244285,0,West,697.0,False,False,False,"[[0, 0, 0, 0, 0, 0, 0, 0, 0, 0, 0], [0, 1, 1, 1, 1, 1, 1, 1, 1, 1, 0], [0, 1, 0, 0, 0, 1, 0, 0, 0, 1, 0], [0, 1, 0, 1, 1, 1, 1, 1, 0, 1, 0], [0, 1, 1, 1, 0, 1, 0, 1, 1, 1, 0], [0, 0, 0, 1, 0, 1, 0, 1, 0, 0, 0], [0, 1, 1, 1, 2, 1, 1, 1, 2, 2, 0], [0, 1, 0, 1, 0, 0, 0, 2, 0, 2, 0], [0, 1, 0, 1, 0, 1, 0, 2, 0, 2, 0], [0, 1, 0, 1, 0, 1, 1, 2, 0, 2, 0], [0, 2, 0, 1, 0, 1, 1, 5, 0, 2, 0], [0, 2, 0, 1, 0, 1, 0, 1, 0, 2, 0], [0, 2, 0, 1, 0, 0, 0, 1, 0, 2, 0], [0, 2, 2, 1, 2, 1, 1, 1, 2, 2, 0], [0, 0, 0, 1, 0, 1, 0, 4, 0, 0, 0], [0, 2, 2, 1, 0, 1, 0, 2, 2, 2, 0], [0, 2, 0, 1, 1, 1, 2, 2, 0, 2, 0], [0, 2, 0, 0, 0, 2, 0, 0, 0, 2, 0], [0, 3, 2, 2, 2, 4, 2, 2, 2, 2, 0], [0, 0, 0, 0, 0, 0, 0, 0, 0, 0, 0]]"
2026-05-29T08:31:30.739156,0,West,706.0,False,False,False,"[[0, 0, 0, 0, 0, 0, 0, 0, 0, 0, 0], [0, 1, 1, 1, 1, 1, 1, 1, 1, 1, 0], [0, 1, 0, 0, 0, 1, 0, 0, 0, 1, 0], [0, 1, 0, 1, 1, 1, 1, 1, 0, 1, 0], [0, 1, 1, 1, 0, 1, 0, 1, 1, 1, 0], [0, 0, 0, 1, 0, 1, 0, 1, 0, 0, 0], [0, 1, 1, 1, 2, 1, 1, 1, 2, 2, 0], [0, 1, 0, 1, 0, 0, 0, 2, 0, 2, 0], [0, 1, 0, 1, 0, 1, 0, 2, 0, 2, 0], [0, 1, 0, 1, 0, 1, 1, 5, 0, 2, 0], [0, 2, 0, 1, 0, 1, 1, 1, 0, 2, 0], [0, 2, 0, 1, 0, 1, 0, 1, 0, 2, 0], [0, 2, 0, 1, 0, 0, 0, 1, 0, 2, 0], [0, 2, 2, 1, 2, 1, 1, 4, 2, 2, 0], [0, 0, 0, 1, 0, 1, 0, 2, 0, 0, 0], [0, 2, 2, 1, 0, 1, 0, 2, 2, 2, 0], [0, 2, 0, 1, 1, 1, 2, 2, 0, 2, 0], [0, 2, 0, 0, 0, 4, 0, 0, 0, 2, 0], [0, 3, 2, 2, 2, 2, 2, 2, 2, 2, 0], [0, 0, 0, 0, 0, 0, 0, 0, 0, 0, 0]]"
2026-05-29T08:31:31.657076,0,West,715.0,False,False,False,"[[0, 0, 0, 0, 0, 0, 0, 0, 0, 0, 0], [0, 1, 1, 1, 1, 1, 1, 1, 1, 1, 0], [0, 1, 0, 0, 0, 1, 0, 0, 0, 1, 0], [0, 1, 0, 1, 1, 1, 1, 1, 0, 1, 0], [0, 1, 1, 1, 0, 1, 0, 1, 1, 1, 0], [0, 0, 0, 1, 0, 1, 0, 1, 0, 0, 0], [0, 1, 1, 1, 2, 1, 1, 1, 2, 2, 0], [0, 1, 0, 1, 0, 0, 0, 2, 0, 2, 0], [0, 1, 0, 1, 0, 1, 0, 5, 0, 2, 0], [0, 1, 0, 1, 0, 1, 1, 1, 0, 2, 0], [0, 2, 0, 1, 0, 1, 1, 1, 0, 2, 0], [0, 2, 0, 1, 0, 1, 0, 1, 0, 2, 0], [0, 2, 0, 1, 0, 0, 0, 4, 0, 2, 0], [0, 2, 2, 1, 2, 1, 1, 1, 2, 2, 0], [0, 0, 0, 1, 0, 1, 0, 2, 0, 0, 0], [0, 2, 2, 1, 0, 1, 0, 2, 2, 2, 0], [0, 2, 0, 1, 1, 4, 2, 2, 0, 2, 0], [0, 2, 0, 0, 0, 2, 0, 0, 0, 2, 0], [0, 3, 2, 2, 2, 2, 2, 2, 2, 2, 0], [0, 0, 0, 0, 0, 0, 0, 0, 0, 0, 0]]"
2026-05-29T08:31:33.428436,0,West,724.0,False,False,False,"[[0, 0, 0, 0, 0, 0, 0, 0, 0, 0, 0], [0, 1, 1, 1, 1, 1, 1, 1, 1, 1, 0], [0, 1, 0, 0, 0, 1, 0, 0, 0, 1, 0], [0, 1, 0, 1, 1, 1, 1, 1, 0, 1, 0], [0, 1, 1, 1, 0, 1, 0, 1, 1, 1, 0], [0, 0, 0, 1, 0, 1, 0, 1, 0, 0, 0], [0, 1, 1, 1, 2, 1, 1, 1, 2, 2, 0], [0, 1, 0, 1, 0, 0, 0, 5, 0, 2, 0], [0, 1, 0, 1, 0, 1, 0, 1, 0, 2, 0], [0, 1, 0, 1, 0, 1, 1, 1, 0, 2, 0], [0, 2, 0, 1, 0, 1, 1, 1, 0, 2, 0], [0, 2, 0, 1, 0, 1, 0, 4, 0, 2, 0], [0, 2, 0, 1, 0, 0, 0, 1, 0, 2, 0], [0, 2, 2, 1, 2, 1, 1, 1, 2, 2, 0], [0, 0, 0, 1, 0, 1, 0, 2, 0, 0, 0], [0, 2, 2, 1, 0, 4, 0, 2, 2, 2, 0], [0, 2, 0, 1, 1, 1, 2, 2, 0, 2, 0], [0, 2, 0, 0, 0, 2, 0, 0, 0, 2, 0], [0, 3, 2, 2, 2, 2, 2, 2, 2, 2, 0], [0, 0, 0, 0, 0, 0, 0, 0, 0, 0, 0]]"
2026-05-29T08:31:41.713459,0,North,723.0,False,False,False,"[[0, 0, 0, 0, 0, 0, 0, 0, 0, 0, 0], [0, 1, 1, 1, 1, 1, 1, 1, 1, 1, 0], [0, 1, 0, 0, 0, 1, 0, 0, 0, 1, 0], [0, 1, 0, 1, 1, 1, 1, 1, 0, 1, 0], [0, 1, 1, 1, 0, 1, 0, 1, 1, 1, 0], [0, 0, 0, 1, 0, 1, 0, 1, 0, 0, 0], [0, 1, 1, 1, 2, 1, 1, 5, 2, 2, 0], [0, 1, 0, 1, 0, 0, 0, 1, 0, 2, 0], [0, 1, 0, 1, 0, 1, 0, 1, 0, 2, 0], [0, 1, 0, 1, 0, 1, 1, 1, 0, 2, 0], [0, 2, 0, 1, 0, 1, 1, 4, 0, 2, 0], [0, 2, 0, 1, 0, 1, 0, 1, 0, 2, 0], [0, 2, 0, 1, 0, 0, 0, 1, 0, 2, 0], [0, 2, 2, 1, 2, 1, 1, 1, 2, 2, 0], [0, 0, 0, 1, 0, 4, 0, 2, 0, 0, 0], [0, 2, 2, 1, 0, 1, 0, 2, 2, 2, 0], [0, 2, 0, 1, 1, 1, 2, 2, 0, 2, 0], [0, 2, 0, 0, 0, 2, 0, 0, 0, 2, 0], [0, 3, 2, 2, 2, 2, 2, 2, 2, 2, 0], [0, 0, 0, 0, 0, 0, 0, 0, 0, 0, 0]]"
2026-05-29T08:31:45.374141,0,North,732.0,False,False,False,"[[0, 0, 0, 0, 0, 0, 0, 0, 0, 0, 0], [0, 1, 1, 1, 1, 1, 1, 1, 1, 1, 0], [0, 1, 0, 0, 0, 1, 0, 0, 0, 1, 0], [0, 1, 0, 1, 1, 1, 1, 1, 0, 1, 0], [0, 1, 1, 1, 0, 1, 0, 1, 1, 1, 0], [0, 0, 0, 1, 0, 1, 0, 1, 0, 0, 0], [0, 1, 1, 1, 2, 1, 1, 1, 5, 2, 0], [0, 1, 0, 1, 0, 0, 0, 1, 0, 2, 0], [0, 1, 0, 1, 0, 1, 0, 1, 0, 2, 0], [0, 1, 0, 1, 0, 1, 1, 4, 0, 2, 0], [0, 2, 0, 1, 0, 1, 1, 1, 0, 2, 0], [0, 2, 0, 1, 0, 1, 0, 1, 0, 2, 0], [0, 2, 0, 1, 0, 0, 0, 1, 0, 2, 0], [0, 2, 2, 1, 2, 4, 1, 1, 2, 2, 0], [0, 0, 0, 1, 0, 1, 0, 2, 0, 0, 0], [0, 2, 2, 1, 0, 1, 0, 2, 2, 2, 0], [0, 2, 0, 1, 1, 1, 2, 2, 0, 2, 0], [0, 2, 0, 0, 0, 2, 0, 0, 0, 2, 0], [0, 3, 2, 2, 2, 2, 2, 2, 2, 2, 0], [0, 0, 0, 0, 0, 0, 0, 0, 0, 0, 0]]"
2026-05-29T08:31:46.462043,0,East,741.0,False,False,False,"[[0, 0, 0, 0, 0, 0, 0, 0, 0, 0, 0], [0, 1, 1, 1, 1, 1, 1, 1, 1, 1, 0], [0, 1, 0, 0, 0, 1, 0, 0, 0, 1, 0], [0, 1, 0, 1, 1, 1, 1, 1, 0, 1, 0], [0, 1, 1, 1, 0, 1, 0, 1, 1, 1, 0], [0, 0, 0, 1, 0, 1, 0, 1, 0, 0, 0], [0, 1, 1, 1, 2, 1, 1, 1, 1, 5, 0], [0, 1, 0, 1, 0, 0, 0, 1, 0, 2, 0], [0, 1, 0, 1, 0, 1, 0, 4, 0, 2, 0], [0, 1, 0, 1, 0, 1, 1, 1, 0, 2, 0], [0, 2, 0, 1, 0, 1, 1, 1, 0, 2, 0], [0, 2, 0, 1, 0, 1, 0, 1, 0, 2, 0], [0, 2, 0, 1, 0, 0, 0, 1, 0, 2, 0], [0, 2, 2, 1, 4, 1, 1, 1, 2, 2, 0], [0, 0, 0, 1, 0, 1, 0, 2, 0, 0, 0], [0, 2, 2, 1, 0, 1, 0, 2, 2, 2, 0], [0, 2, 0, 1, 1, 1, 2, 2, 0, 2, 0], [0, 2, 0, 0, 0, 2, 0, 0, 0, 2, 0], [0, 3, 2, 2, 2, 2, 2, 2, 2, 2, 0], [0, 0, 0, 0, 0, 0, 0, 0, 0, 0, 0]]"
2026-05-29T08:31:48.385959,0,East,750.0,False,False,False,"[[0, 0, 0, 0, 0, 0, 0, 0, 0, 0, 0], [0, 1, 1, 1, 1, 1, 1, 1, 1, 1, 0], [0, 1, 0, 0, 0, 1, 0, 0, 0, 1, 0], [0, 1, 0, 1, 1, 1, 1, 1, 0, 1, 0], [0, 1, 1, 1, 0, 1, 0, 1, 1, 1, 0], [0, 0, 0, 1, 0, 1, 0, 1, 0, 0, 0], [0, 1, 1, 1, 2, 1, 1, 1, 1, 1, 0], [0, 1, 0, 1, 0, 0, 0, 4, 0, 5, 0], [0, 1, 0, 1, 0, 1, 0, 1, 0, 2, 0], [0, 1, 0, 1, 0, 1, 1, 1, 0, 2, 0], [0, 2, 0, 1, 0, 1, 1, 1, 0, 2, 0], [0, 2, 0, 1, 0, 1, 0, 1, 0, 2, 0], [0, 2, 0, 1, 0, 0, 0, 1, 0, 2, 0], [0, 2, 2, 4, 2, 1, 1, 1, 2, 2, 0], [0, 0, 0, 1, 0, 1, 0, 2, 0, 0, 0], [0, 2, 2, 1, 0, 1, 0, 2, 2, 2, 0], [0, 2, 0, 1, 1, 1, 2, 2, 0, 2, 0], [0, 2, 0, 0, 0, 2, 0, 0, 0, 2, 0], [0, 3, 2, 2, 2, 2, 2, 2, 2, 2, 0], [0, 0, 0, 0, 0, 0, 0, 0, 0, 0, 0]]"
2026-05-29T08:31:49.274883,0,East,759.0,False,False,False,"[[0, 0, 0, 0, 0, 0, 0, 0, 0, 0, 0], [0, 1, 1, 1, 1, 1, 1, 1, 1, 1, 0], [0, 1, 0, 0, 0, 1, 0, 0, 0, 1, 0], [0, 1, 0, 1, 1, 1, 1, 1, 0, 1, 0], [0, 1, 1, 1, 0, 1, 0, 1, 1, 1, 0], [0, 0, 0, 1, 0, 1, 0, 1, 0, 0, 0], [0, 1, 1, 1, 2, 1, 1, 4, 1, 1, 0], [0, 1, 0, 1, 0, 0, 0, 1, 0, 1, 0], [0, 1, 0, 1, 0, 1, 0, 1, 0, 5, 0], [0, 1, 0, 1, 0, 1, 1, 1, 0, 2, 0], [0, 2, 0, 1, 0, 1, 1, 1, 0, 2, 0], [0, 2, 0, 1, 0, 1, 0, 1, 0, 2, 0], [0, 2, 0, 1, 0, 0, 0, 1, 0, 2, 0], [0, 2, 4, 1, 2, 1, 1, 1, 2, 2, 0], [0, 0, 0, 1, 0, 1, 0, 2, 0, 0, 0], [0, 2, 2, 1, 0, 1, 0, 2, 2, 2, 0], [0, 2, 0, 1, 1, 1, 2, 2, 0, 2, 0], [0, 2, 0, 0, 0, 2, 0, 0, 0, 2, 0], [0, 3, 2, 2, 2, 2, 2, 2, 2, 2, 0], [0, 0, 0, 0, 0, 0, 0, 0, 0, 0, 0]]"
2026-05-29T08:31:49.372874,0,East,768.0,False,False,False,"[[0, 0, 0, 0, 0, 0, 0, 0, 0, 0, 0], [0, 1, 1, 1, 1, 1, 1, 1, 1, 1, 0], [0, 1, 0, 0, 0, 1, 0, 0, 0, 1, 0], [0, 1, 0, 1, 1, 1, 1, 1, 0, 1, 0], [0, 1, 1, 1, 0, 1, 0, 1, 1, 1, 0], [0, 0, 0, 1, 0, 1, 0, 1, 0, 0, 0], [0, 1, 1, 1, 2, 1, 1, 1, 4, 1, 0], [0, 1, 0, 1, 0, 0, 0, 1, 0, 1, 0], [0, 1, 0, 1, 0, 1, 0, 1, 0, 1, 0], [0, 1, 0, 1, 0, 1, 1, 1, 0, 5, 0], [0, 2, 0, 1, 0, 1, 1, 1, 0, 2, 0], [0, 2, 0, 1, 0, 1, 0, 1, 0, 2, 0], [0, 2, 0, 1, 0, 0, 0, 1, 0, 2, 0], [0, 4, 2, 1, 2, 1, 1, 1, 2, 2, 0], [0, 0, 0, 1, 0, 1, 0, 2, 0, 0, 0], [0, 2, 2, 1, 0, 1, 0, 2, 2, 2, 0], [0, 2, 0, 1, 1, 1, 2, 2, 0, 2, 0], [0, 2, 0, 0, 0, 2, 0, 0, 0, 2, 0], [0, 3, 2, 2, 2, 2, 2, 2, 2, 2, 0], [0, 0, 0, 0, 0, 0, 0, 0, 0, 0, 0]]"
2026-05-29T08:31:49.463864,0,East,777.0,False,False,False,"[[0, 0, 0, 0, 0, 0, 0, 0, 0, 0, 0], [0, 1, 1, 1, 1, 1, 1, 1, 1, 1, 0], [0, 1, 0, 0, 0, 1, 0, 0, 0, 1, 0], [0, 1, 0, 1, 1, 1, 1, 1, 0, 1, 0], [0, 1, 1, 1, 0, 1, 0, 1, 1, 1, 0], [0, 0, 0, 1, 0, 1, 0, 1, 0, 0, 0], [0, 1, 1, 1, 2, 1, 1, 1, 1, 4, 0], [0, 1, 0, 1, 0, 0, 0, 1, 0, 1, 0], [0, 1, 0, 1, 0, 1, 0, 1, 0, 1, 0], [0, 1, 0, 1, 0, 1, 1, 1, 0, 1, 0], [0, 2, 0, 1, 0, 1, 1, 1, 0, 5, 0], [0, 2, 0, 1, 0, 1, 0, 1, 0, 2, 0], [0, 4, 0, 1, 0, 0, 0, 1, 0, 2, 0], [0, 2, 2, 1, 2, 1, 1, 1, 2, 2, 0], [0, 0, 0, 1, 0, 1, 0, 2, 0, 0, 0], [0, 2, 2, 1, 0, 1, 0, 2, 2, 2, 0], [0, 2, 0, 1, 1, 1, 2, 2, 0, 2, 0], [0, 2, 0, 0, 0, 2, 0, 0, 0, 2, 0], [0, 3, 2, 2, 2, 2, 2, 2, 2, 2, 0], [0, 0, 0, 0, 0, 0, 0, 0, 0, 0, 0]]"
2026-05-29T08:31:49.556858,0,East,786.0,False,False,False,"[[0, 0, 0, 0, 0, 0, 0, 0, 0, 0, 0], [0, 1, 1, 1, 1, 1, 1, 1, 1, 1, 0], [0, 1, 0, 0, 0, 1, 0, 0, 0, 1, 0], [0, 1, 0, 1, 1, 1, 1, 1, 0, 1, 0], [0, 1, 1, 1, 0, 1, 0, 1, 1, 1, 0], [0, 0, 0, 1, 0, 1, 0, 1, 0, 0, 0], [0, 1, 1, 1, 2, 1, 1, 1, 1, 1, 0], [0, 1, 0, 1, 0, 0, 0, 1, 0, 4, 0], [0, 1, 0, 1, 0, 1, 0, 1, 0, 1, 0], [0, 1, 0, 1, 0, 1, 1, 1, 0, 1, 0], [0, 2, 0, 1, 0, 1, 1, 1, 0, 1, 0], [0, 4, 0, 1, 0, 1, 0, 1, 0, 5, 0], [0, 2, 0, 1, 0, 0, 0, 1, 0, 2, 0], [0, 2, 2, 1, 2, 1, 1, 1, 2, 2, 0], [0, 0, 0, 1, 0, 1, 0, 2, 0, 0, 0], [0, 2, 2, 1, 0, 1, 0, 2, 2, 2, 0], [0, 2, 0, 1, 1, 1, 2, 2, 0, 2, 0], [0, 2, 0, 0, 0, 2, 0, 0, 0, 2, 0], [0, 3, 2, 2, 2, 2, 2, 2, 2, 2, 0], [0, 0, 0, 0, 0, 0, 0, 0, 0, 0, 0]]"
2026-05-29T08:31:49.654851,0,East,795.0,False,False,False,"[[0, 0, 0, 0, 0, 0, 0, 0, 0, 0, 0], [0, 1, 1, 1, 1, 1, 1, 1, 1, 1, 0], [0, 1, 0, 0, 0, 1, 0, 0, 0, 1, 0], [0, 1, 0, 1, 1, 1, 1, 1, 0, 1, 0], [0, 1, 1, 1, 0, 1, 0, 1, 1, 1, 0], [0, 0, 0, 1, 0, 1, 0, 1, 0, 0, 0], [0, 1, 1, 1, 2, 1, 1, 1, 1, 1, 0], [0, 1, 0, 1, 0, 0, 0, 1, 0, 1, 0], [0, 1, 0, 1, 0, 1, 0, 1, 0, 4, 0], [0, 1, 0, 1, 0, 1, 1, 1, 0, 1, 0], [0, 4, 0, 1, 0, 1, 1, 1, 0, 1, 0], [0, 2, 0, 1, 0, 1, 0, 1, 0, 1, 0], [0, 2, 0, 1, 0, 0, 0, 1, 0, 5, 0], [0, 2, 2, 1, 2, 1, 1, 1, 2, 2, 0], [0, 0, 0, 1, 0, 1, 0, 2, 0, 0, 0], [0, 2, 2, 1, 0, 1, 0, 2, 2, 2, 0], [0, 2, 0, 1, 1, 1, 2, 2, 0, 2, 0], [0, 2, 0, 0, 0, 2, 0, 0, 0, 2, 0], [0, 3, 2, 2, 2, 2, 2, 2, 2, 2, 0], [0, 0, 0, 0, 0, 0, 0, 0, 0, 0, 0]]"
2026-05-29T08:31:49.788841,0,South,804.0,False,False,False,"[[0, 0, 0, 0, 0, 0, 0, 0, 0, 0, 0], [0, 1, 1, 1, 1, 1, 1, 1, 1, 1, 0], [0, 1, 0, 0, 0, 1, 0, 0, 0, 1, 0], [0, 1, 0, 1, 1, 1, 1, 1, 0, 1, 0], [0, 1, 1, 1, 0, 1, 0, 1, 1, 1, 0], [0, 0, 0, 1, 0, 1, 0, 1, 0, 0, 0], [0, 1, 1, 1, 2, 1, 1, 1, 1, 1, 0], [0, 1, 0, 1, 0, 0, 0, 1, 0, 1, 0], [0, 1, 0, 1, 0, 1, 0, 1, 0, 1, 0], [0, 4, 0, 1, 0, 1, 1, 1, 0, 4, 0], [0, 2, 0, 1, 0, 1, 1, 1, 0, 1, 0], [0, 2, 0, 1, 0, 1, 0, 1, 0, 1, 0], [0, 2, 0, 1, 0, 0, 0, 1, 0, 1, 0], [0, 2, 2, 1, 2, 1, 1, 1, 2, 5, 0], [0, 0, 0, 1, 0, 1, 0, 2, 0, 0, 0], [0, 2, 2, 1, 0, 1, 0, 2, 2, 2, 0], [0, 2, 0, 1, 1, 1, 2, 2, 0, 2, 0], [0, 2, 0, 0, 0, 2, 0, 0, 0, 2, 0], [0, 3, 2, 2, 2, 2, 2, 2, 2, 2, 0], [0, 0, 0, 0, 0, 0, 0, 0, 0, 0, 0]]"
2026-05-29T08:31:50.050824,0,South,813.0,False,False,False,"[[0, 0, 0, 0, 0, 0, 0, 0, 0, 0, 0], [0, 1, 1, 1, 1, 1, 1, 1, 1, 1, 0], [0, 1, 0, 0, 0, 1, 0, 0, 0, 1, 0], [0, 1, 0, 1, 1, 1, 1, 1, 0, 1, 0], [0, 1, 1, 1, 0, 1, 0, 1, 1, 1, 0], [0, 0, 0, 1, 0, 1, 0, 1, 0, 0, 0], [0, 1, 1, 1, 2, 1, 1, 1, 1, 1, 0], [0, 1, 0, 1, 0, 0, 0, 1, 0, 1, 0], [0, 4, 0, 1, 0, 1, 0, 1, 0, 1, 0], [0, 1, 0, 1, 0, 1, 1, 1, 0, 1, 0], [0, 2, 0, 1, 0, 1, 1, 1, 0, 4, 0], [0, 2, 0, 1, 0, 1, 0, 1, 0, 1, 0], [0, 2, 0, 1, 0, 0, 0, 1, 0, 1, 0], [0, 2, 2, 1, 2, 1, 1, 1, 5, 1, 0], [0, 0, 0, 1, 0, 1, 0, 2, 0, 0, 0], [0, 2, 2, 1, 0, 1, 0, 2, 2, 2, 0], [0, 2, 0, 1, 1, 1, 2, 2, 0, 2, 0], [0, 2, 0, 0, 0, 2, 0, 0, 0, 2, 0], [0, 3, 2, 2, 2, 2, 2, 2, 2, 2, 0], [0, 0, 0, 0, 0, 0, 0, 0, 0, 0, 0]]"
2026-05-29T08:31:50.877744,0,East,812.0,False,False,False,"[[0, 0, 0, 0, 0, 0, 0, 0, 0, 0, 0], [0, 1, 1, 1, 1, 1, 1, 1, 1, 1, 0], [0, 1, 0, 0, 0, 1, 0, 0, 0, 1, 0], [0, 1, 0, 1, 1, 1, 1, 1, 0, 1, 0], [0, 1, 1, 1, 0, 1, 0, 1, 1, 1, 0], [0, 0, 0, 1, 0, 1, 0, 1, 0, 0, 0], [0, 1, 1, 1, 2, 1, 1, 1, 1, 1, 0], [0, 4, 0, 1, 0, 0, 0, 1, 0, 1, 0], [0, 1, 0, 1, 0, 1, 0, 1, 0, 1, 0], [0, 1, 0, 1, 0, 1, 1, 1, 0, 1, 0], [0, 2, 0, 1, 0, 1, 1, 1, 0, 1, 0], [0, 2, 0, 1, 0, 1, 0, 1, 0, 4, 0], [0, 2, 0, 1, 0, 0, 0, 1, 0, 1, 0], [0, 2, 2, 1, 2, 1, 1, 5, 1, 1, 0], [0, 0, 0, 1, 0, 1, 0, 2, 0, 0, 0], [0, 2, 2, 1, 0, 1, 0, 2, 2, 2, 0], [0, 2, 0, 1, 1, 1, 2, 2, 0, 2, 0], [0, 2, 0, 0, 0, 2, 0, 0, 0, 2, 0], [0, 3, 2, 2, 2, 2, 2, 2, 2, 2, 0], [0, 0, 0, 0, 0, 0, 0, 0, 0, 0, 0]]"
2026-05-29T08:31:51.727669,0,East,821.0,False,False,False,"[[0, 0, 0, 0, 0, 0, 0, 0, 0, 0, 0], [0, 1, 1, 1, 1, 1, 1, 1, 1, 1, 0], [0, 1, 0, 0, 0, 1, 0, 0, 0, 1, 0], [0, 1, 0, 1, 1, 1, 1, 1, 0, 1, 0], [0, 1, 1, 1, 0, 1, 0, 1, 1, 1, 0], [0, 0, 0, 1, 0, 1, 0, 1, 0, 0, 0], [0, 4, 1, 1, 2, 1, 1, 1, 1, 1, 0], [0, 1, 0, 1, 0, 0, 0, 1, 0, 1, 0], [0, 1, 0, 1, 0, 1, 0, 1, 0, 1, 0], [0, 1, 0, 1, 0, 1, 1, 1, 0, 1, 0], [0, 2, 0, 1, 0, 1, 1, 1, 0, 1, 0], [0, 2, 0, 1, 0, 1, 0, 1, 0, 1, 0], [0, 2, 0, 1, 0, 0, 0, 1, 0, 4, 0], [0, 2, 2, 1, 2, 1, 1, 1, 1, 1, 0], [0, 0, 0, 1, 0, 1, 0, 5, 0, 0, 0], [0, 2, 2, 1, 0, 1, 0, 2, 2, 2, 0], [0, 2, 0, 1, 1, 1, 2, 2, 0, 2, 0], [0, 2, 0, 0, 0, 2, 0, 0, 0, 2, 0], [0, 3, 2, 2, 2, 2, 2, 2, 2, 2, 0], [0, 0, 0, 0, 0, 0, 0, 0, 0, 0, 0]]"
2026-05-29T08:31:53.764493,0,North,830.0,False,False,False,"[[0, 0, 0, 0, 0, 0, 0, 0, 0, 0, 0], [0, 1, 1, 1, 1, 1, 1, 1, 1, 1, 0], [0, 1, 0, 0, 0, 1, 0, 0, 0, 1, 0], [0, 1, 0, 1, 1, 1, 1, 1, 0, 1, 0], [0, 1, 1, 1, 0, 1, 0, 1, 1, 1, 0], [0, 0, 0, 1, 0, 1, 0, 1, 0, 0, 0], [0, 1, 4, 1, 2, 1, 1, 1, 1, 1, 0], [0, 1, 0, 1, 0, 0, 0, 1, 0, 1, 0], [0, 1, 0, 1, 0, 1, 0, 1, 0, 1, 0], [0, 1, 0, 1, 0, 1, 1, 1, 0, 1, 0], [0, 2, 0, 1, 0, 1, 1, 1, 0, 1, 0], [0, 2, 0, 1, 0, 1, 0, 1, 0, 1, 0], [0, 2, 0, 1, 0, 0, 0, 1, 0, 1, 0], [0, 2, 2, 1, 2, 1, 1, 1, 1, 4, 0], [0, 0, 0, 1, 0, 1, 0, 1, 0, 0, 0], [0, 2, 2, 1, 0, 1, 0, 5, 2, 2, 0], [0, 2, 0, 1, 1, 1, 2, 2, 0, 2, 0], [0, 2, 0, 0, 0, 2, 0, 0, 0, 2, 0], [0, 3, 2, 2, 2, 2, 2, 2, 2, 2, 0], [0, 0, 0, 0, 0, 0, 0, 0, 0, 0, 0]]"
2026-05-29T08:31:56.554280,0,North,839.0,False,False,False,"[[0, 0, 0, 0, 0, 0, 0, 0, 0, 0, 0], [0, 1, 1, 1, 1, 1, 1, 1, 1, 1, 0], [0, 1, 0, 0, 0, 1, 0, 0, 0, 1, 0], [0, 1, 0, 1, 1, 1, 1, 1, 0, 1, 0], [0, 1, 1, 1, 0, 1, 0, 1, 1, 1, 0], [0, 0, 0, 1, 0, 1, 0, 1, 0, 0, 0], [0, 1, 1, 4, 2, 1, 1, 1, 1, 1, 0], [0, 1, 0, 1, 0, 0, 0, 1, 0, 1, 0], [0, 1, 0, 1, 0, 1, 0, 1, 0, 1, 0], [0, 1, 0, 1, 0, 1, 1, 1, 0, 1, 0], [0, 2, 0, 1, 0, 1, 1, 1, 0, 1, 0], [0, 2, 0, 1, 0, 1, 0, 1, 0, 1, 0], [0, 2, 0, 1, 0, 0, 0, 1, 0, 1, 0], [0, 2, 2, 1, 2, 1, 1, 1, 4, 1, 0], [0, 0, 0, 1, 0, 1, 0, 1, 0, 0, 0], [0, 2, 2, 1, 0, 1, 0, 1, 5, 2, 0], [0, 2, 0, 1, 1, 1, 2, 2, 0, 2, 0], [0, 2, 0, 0, 0, 2, 0, 0, 0, 2, 0], [0, 3, 2, 2, 2, 2, 2, 2, 2, 2, 0], [0, 0, 0, 0, 0, 0, 0, 0, 0, 0, 0]]"
2026-05-29T08:31:59.117694,0,East,848.0,False,False,False,"[[0, 0, 0, 0, 0, 0, 0, 0, 0, 0, 0], [0, 1, 1, 1, 1, 1, 1, 1, 1, 1, 0], [0, 1, 0, 0, 0, 1, 0, 0, 0, 1, 0], [0, 1, 0, 1, 1, 1, 1, 1, 0, 1, 0], [0, 1, 1, 1, 0, 1, 0, 1, 1, 1, 0], [0, 0, 0, 1, 0, 1, 0, 1, 0, 0, 0], [0, 1, 1, 1, 4, 1, 1, 1, 1, 1, 0], [0, 1, 0, 1, 0, 0, 0, 1, 0, 1, 0], [0, 1, 0, 1, 0, 1, 0, 1, 0, 1, 0], [0, 1, 0, 1, 0, 1, 1, 1, 0, 1, 0], [0, 2, 0, 1, 0, 1, 1, 1, 0, 1, 0], [0, 2, 0, 1, 0, 1, 0, 1, 0, 1, 0], [0, 2, 0, 1, 0, 0, 0, 1, 0, 1, 0], [0, 2, 2, 1, 2, 1, 1, 4, 1, 1, 0], [0, 0, 0, 1, 0, 1, 0, 1, 0, 0, 0], [0, 2, 2, 1, 0, 1, 0, 1, 1, 5, 0], [0, 2, 0, 1, 1, 1, 2, 2, 0, 2, 0], [0, 2, 0, 0, 0, 2, 0, 0, 0, 2, 0], [0, 3, 2, 2, 2, 2, 2, 2, 2, 2, 0], [0, 0, 0, 0, 0, 0, 0, 0, 0, 0, 0]]"
2026-05-29T08:32:00.602564,0,East,857.0,False,False,False,"[[0, 0, 0, 0, 0, 0, 0, 0, 0, 0, 0], [0, 1, 1, 1, 1, 1, 1, 1, 1, 1, 0], [0, 1, 0, 0, 0, 1, 0, 0, 0, 1, 0], [0, 1, 0, 1, 1, 1, 1, 1, 0, 1, 0], [0, 1, 1, 1, 0, 1, 0, 1, 1, 1, 0], [0, 0, 0, 1, 0, 1, 0, 1, 0, 0, 0], [0, 1, 1, 1, 2, 4, 1, 1, 1, 1, 0], [0, 1, 0, 1, 0, 0, 0, 1, 0, 1, 0], [0, 1, 0, 1, 0, 1, 0, 1, 0, 1, 0], [0, 1, 0, 1, 0, 1, 1, 1, 0, 1, 0], [0, 2, 0, 1, 0, 1, 1, 1, 0, 1, 0], [0, 2, 0, 1, 0, 1, 0, 1, 0, 1, 0], [0, 2, 0, 1, 0, 0, 0, 1, 0, 1, 0], [0, 2, 2, 1, 2, 1, 1, 1, 1, 1, 0], [0, 0, 0, 1, 0, 1, 0, 4, 0, 0, 0], [0, 2, 2, 1, 0, 1, 0, 1, 1, 1, 0], [0, 2, 0, 1, 1, 1, 2, 2, 0, 5, 0], [0, 2, 0, 0, 0, 2, 0, 0, 0, 2, 0], [0, 3, 2, 2, 2, 2, 2, 2, 2, 2, 0], [0, 0, 0, 0, 0, 0, 0, 0, 0, 0, 0]]"
2026-05-29T08:32:02.024441,0,East,866.0,False,False,False,"[[0, 0, 0, 0, 0, 0, 0, 0, 0, 0, 0], [0, 1, 1, 1, 1, 1, 1, 1, 1, 1, 0], [0, 1, 0, 0, 0, 1, 0, 0, 0, 1, 0], [0, 1, 0, 1, 1, 1, 1, 1, 0, 1, 0], [0, 1, 1, 1, 0, 1, 0, 1, 1, 1, 0], [0, 0, 0, 1, 0, 1, 0, 1, 0, 0, 0], [0, 1, 1, 1, 2, 1, 4, 1, 1, 1, 0], [0, 1, 0, 1, 0, 0, 0, 1, 0, 1, 0], [0, 1, 0, 1, 0, 1, 0, 1, 0, 1, 0], [0, 1, 0, 1, 0, 1, 1, 1, 0, 1, 0], [0, 2, 0, 1, 0, 1, 1, 1, 0, 1, 0], [0, 2, 0, 1, 0, 1, 0, 1, 0, 1, 0], [0, 2, 0, 1, 0, 0, 0, 1, 0, 1, 0], [0, 2, 2, 1, 2, 1, 1, 1, 1, 1, 0], [0, 0, 0, 1, 0, 1, 0, 1, 0, 0, 0], [0, 2, 2, 1, 0, 1, 0, 4, 1, 1, 0], [0, 2, 0, 1, 1, 1, 2, 2, 0, 1, 0], [0, 2, 0, 0, 0, 2, 0, 0, 0, 5, 0], [0, 3, 2, 2, 2, 2, 2, 2, 2, 2, 0], [0, 0, 0, 0, 0, 0, 0, 0, 0, 0, 0]]"
2026-05-29T08:32:03.809286,0,South,875.0,False,False,False,"[[0, 0, 0, 0, 0, 0, 0, 0, 0, 0, 0], [0, 1, 1, 1, 1, 1, 1, 1, 1, 1, 0], [0, 1, 0, 0, 0, 1, 0, 0, 0, 1, 0], [0, 1, 0, 1, 1, 1, 1, 1, 0, 1, 0], [0, 1, 1, 1, 0, 1, 0, 1, 1, 1, 0], [0, 0, 0, 1, 0, 1, 0, 1, 0, 0, 0], [0, 1, 1, 1, 2, 1, 1, 4, 1, 1, 0], [0, 1, 0, 1, 0, 0, 0, 1, 0, 1, 0], [0, 1, 0, 1, 0, 1, 0, 1, 0, 1, 0], [0, 1, 0, 1, 0, 1, 1, 1, 0, 1, 0], [0, 2, 0, 1, 0, 1, 1, 1, 0, 1, 0], [0, 2, 0, 1, 0, 1, 0, 1, 0, 1, 0], [0, 2, 0, 1, 0, 0, 0, 1, 0, 1, 0], [0, 2, 2, 1, 2, 1, 1, 1, 1, 1, 0], [0, 0, 0, 1, 0, 1, 0, 1, 0, 0, 0], [0, 2, 2, 1, 0, 1, 0, 1, 1, 1, 0], [0, 2, 0, 1, 1, 1, 2, 4, 0, 1, 0], [0, 2, 0, 0, 0, 2, 0, 0, 0, 1, 0], [0, 3, 2, 2, 2, 2, 2, 2, 2, 5, 0], [0, 0, 0, 0, 0, 0, 0, 0, 0, 0, 0]]"
2026-05-29T08:32:05.195196,0,South,884.0,False,False,False,"[[0, 0, 0, 0, 0, 0, 0, 0, 0, 0, 0], [0, 1, 1, 1, 1, 1, 1, 1, 1, 1, 0], [0, 1, 0, 0, 0, 1, 0, 0, 0, 1, 0], [0, 1, 0, 1, 1, 1, 1, 1, 0, 1, 0], [0, 1, 1, 1, 0, 1, 0, 1, 1, 1, 0], [0, 0, 0, 1, 0, 1, 0, 1, 0, 0, 0], [0, 1, 1, 1, 2, 1, 1, 1, 1, 1, 0], [0, 1, 0, 1, 0, 0, 0, 4, 0, 1, 0], [0, 1, 0, 1, 0, 1, 0, 1, 0, 1, 0], [0, 1, 0, 1, 0, 1, 1, 1, 0, 1, 0], [0, 2, 0, 1, 0, 1, 1, 1, 0, 1, 0], [0, 2, 0, 1, 0, 1, 0, 1, 0, 1, 0], [0, 2, 0, 1, 0, 0, 0, 1, 0, 1, 0], [0, 2, 2, 1, 2, 1, 1, 1, 1, 1, 0], [0, 0, 0, 1, 0, 1, 0, 1, 0, 0, 0], [0, 2, 2, 1, 0, 1, 0, 1, 1, 1, 0], [0, 2, 0, 1, 1, 1, 4, 2, 0, 1, 0], [0, 2, 0, 0, 0, 2, 0, 0, 0, 1, 0], [0, 3, 2, 2, 2, 2, 2, 2, 5, 1, 0], [0, 0, 0, 0, 0, 0, 0, 0, 0, 0, 0]]"
2026-05-29T08:32:06.764028,0,South,893.0,False,False,False,"[[0, 0, 0, 0, 0, 0, 0, 0, 0, 0, 0], [0, 1, 1, 1, 1, 1, 1, 1, 1, 1, 0], [0, 1, 0, 0, 0, 1, 0, 0, 0, 1, 0], [0, 1, 0, 1, 1, 1, 1, 1, 0, 1, 0], [0, 1, 1, 1, 0, 1, 0, 1, 1, 1, 0], [0, 0, 0, 1, 0, 1, 0, 1, 0, 0, 0], [0, 1, 1, 1, 2, 1, 1, 1, 1, 1, 0], [0, 1, 0, 1, 0, 0, 0, 1, 0, 1, 0], [0, 1, 0, 1, 0, 1, 0, 4, 0, 1, 0], [0, 1, 0, 1, 0, 1, 1, 1, 0, 1, 0], [0, 2, 0, 1, 0, 1, 1, 1, 0, 1, 0], [0, 2, 0, 1, 0, 1, 0, 1, 0, 1, 0], [0, 2, 0, 1, 0, 0, 0, 1, 0, 1, 0], [0, 2, 2, 1, 2, 1, 1, 1, 1, 1, 0], [0, 0, 0, 1, 0, 1, 0, 1, 0, 0, 0], [0, 2, 2, 1, 0, 1, 0, 1, 1, 1, 0], [0, 2, 0, 1, 1, 4, 2, 2, 0, 1, 0], [0, 2, 0, 0, 0, 2, 0, 0, 0, 1, 0], [0, 3, 2, 2, 2, 2, 2, 5, 1, 1, 0], [0, 0, 0, 0, 0, 0, 0, 0, 0, 0, 0]]"
2026-05-29T08:32:06.945014,0,North,902.0,False,False,False,"[[0, 0, 0, 0, 0, 0, 0, 0, 0, 0, 0], [0, 1, 1, 1, 1, 1, 1, 1, 1, 1, 0], [0, 1, 0, 0, 0, 1, 0, 0, 0, 1, 0], [0, 1, 0, 1, 1, 1, 1, 1, 0, 1, 0], [0, 1, 1, 1, 0, 1, 0, 1, 1, 1, 0], [0, 0, 0, 1, 0, 1, 0, 1, 0, 0, 0], [0, 1, 1, 1, 2, 1, 1, 1, 1, 1, 0], [0, 1, 0, 1, 0, 0, 0, 1, 0, 1, 0], [0, 1, 0, 1, 0, 1, 0, 1, 0, 1, 0], [0, 1, 0, 1, 0, 1, 1, 4, 0, 1, 0], [0, 2, 0, 1, 0, 1, 1, 1, 0, 1, 0], [0, 2, 0, 1, 0, 1, 0, 1, 0, 1, 0], [0, 2, 0, 1, 0, 0, 0, 1, 0, 1, 0], [0, 2, 2, 1, 2, 1, 1, 1, 1, 1, 0], [0, 0, 0, 1, 0, 1, 0, 1, 0, 0, 0], [0, 2, 2, 1, 0, 1, 0, 1, 1, 1, 0], [0, 2, 0, 1, 1, 1, 2, 2, 0, 1, 0], [0, 2, 0, 0, 0, 4, 0, 0, 0, 1, 0], [0, 3, 2, 2, 2, 2, 5, 1, 1, 1, 0], [0, 0, 0, 0, 0, 0, 0, 0, 0, 0, 0]]"
2026-05-29T08:32:07.026007,0,North,901.0,False,False,False,"[[0, 0, 0, 0, 0, 0, 0, 0, 0, 0, 0], [0, 1, 1, 1, 1, 1, 1, 1, 1, 1, 0], [0, 1, 0, 0, 0, 1, 0, 0, 0, 1, 0], [0, 1, 0, 1, 1, 1, 1, 1, 0, 1, 0], [0, 1, 1, 1, 0, 1, 0, 1, 1, 1, 0], [0, 0, 0, 1, 0, 1, 0, 1, 0, 0, 0], [0, 1, 1, 1, 2, 1, 1, 1, 1, 1, 0], [0, 1, 0, 1, 0, 0, 0, 1, 0, 1, 0], [0, 1, 0, 1, 0, 1, 0, 1, 0, 1, 0], [0, 1, 0, 1, 0, 1, 1, 1, 0, 1, 0], [0, 2, 0, 1, 0, 1, 1, 4, 0, 1, 0], [0, 2, 0, 1, 0, 1, 0, 1, 0, 1, 0], [0, 2, 0, 1, 0, 0, 0, 1, 0, 1, 0], [0, 2, 2, 1, 2, 1, 1, 1, 1, 1, 0], [0, 0, 0, 1, 0, 1, 0, 1, 0, 0, 0], [0, 2, 2, 1, 0, 1, 0, 1, 1, 1, 0], [0, 2, 0, 1, 1, 1, 2, 2, 0, 1, 0], [0, 2, 0, 0, 0, 2, 0, 0, 0, 1, 0], [0, 3, 2, 2, 2, 4, 1, 5, 1, 1, 0], [0, 0, 0, 0, 0, 0, 0, 0, 0, 0, 0]]"
2026-05-29T08:32:07.064007,0,North,900.0,False,False,False,"[[0, 0, 0, 0, 0, 0, 0, 0, 0, 0, 0], [0, 1, 1, 1, 1, 1, 1, 1, 1, 1, 0], [0, 1, 0, 0, 0, 1, 0, 0, 0, 1, 0], [0, 1, 0, 1, 1, 1, 1, 1, 0, 1, 0], [0, 1, 1, 1, 0, 1, 0, 1, 1, 1, 0], [0, 0, 0, 1, 0, 1, 0, 1, 0, 0, 0], [0, 1, 1, 1, 2, 1, 1, 1, 1, 1, 0], [0, 1, 0, 1, 0, 0, 0, 1, 0, 1, 0], [0, 1, 0, 1, 0, 1, 0, 1, 0, 1, 0], [0, 1, 0, 1, 0, 1, 1, 1, 0, 1, 0], [0, 2, 0, 1, 0, 1, 1, 1, 0, 1, 0], [0, 2, 0, 1, 0, 1, 0, 4, 0, 1, 0], [0, 2, 0, 1, 0, 0, 0, 1, 0, 1, 0], [0, 2, 2, 1, 2, 1, 1, 1, 1, 1, 0], [0, 0, 0, 1, 0, 1, 0, 1, 0, 0, 0], [0, 2, 2, 1, 0, 1, 0, 1, 1, 1, 0], [0, 2, 0, 1, 1, 1, 2, 2, 0, 1, 0], [0, 2, 0, 0, 0, 2, 0, 0, 0, 1, 0], [0, 3, 2, 2, 2, 2, 4, 1, 5, 1, 0], [0, 0, 0, 0, 0, 0, 0, 0, 0, 0, 0]]"
2026-05-29T08:32:07.107998,0,South,899.0,False,False,False,"[[0, 0, 0, 0, 0, 0, 0, 0, 0, 0, 0], [0, 1, 1, 1, 1, 1, 1, 1, 1, 1, 0], [0, 1, 0, 0, 0, 1, 0, 0, 0, 1, 0], [0, 1, 0, 1, 1, 1, 1, 1, 0, 1, 0], [0, 1, 1, 1, 0, 1, 0, 1, 1, 1, 0], [0, 0, 0, 1, 0, 1, 0, 1, 0, 0, 0], [0, 1, 1, 1, 2, 1, 1, 1, 1, 1, 0], [0, 1, 0, 1, 0, 0, 0, 1, 0, 1, 0], [0, 1, 0, 1, 0, 1, 0, 1, 0, 1, 0], [0, 1, 0, 1, 0, 1, 1, 1, 0, 1, 0], [0, 2, 0, 1, 0, 1, 1, 1, 0, 1, 0], [0, 2, 0, 1, 0, 1, 0, 1, 0, 1, 0], [0, 2, 0, 1, 0, 0, 0, 4, 0, 1, 0], [0, 2, 2, 1, 2, 1, 1, 1, 1, 1, 0], [0, 0, 0, 1, 0, 1, 0, 1, 0, 0, 0], [0, 2, 2, 1, 0, 1, 0, 1, 1, 1, 0], [0, 2, 0, 1, 1, 1, 2, 2, 0, 1, 0], [0, 2, 0, 0, 0, 2, 0, 0, 0, 1, 0], [0, 3, 2, 2, 2, 2, 1, 4, 1, 5, 0], [0, 0, 0, 0, 0, 0, 0, 0, 0, 0, 0]]"
